,Assembly,pident,qcovs,Qval,#Organism Name,Organism Groups,Strain,BioSample,BioProject,Level,Size(Mb),GC%,Replicons,WGS,Scaffolds,CDS,Release Date,GenBank FTP,RefSeq FTP
0,GCA_000009005.1,0,10,10,Staphylococcus aureus RF122,Bacteria;Terrabacteria group;Firmicutes,RF122,SAMEA3138186,PRJNA63,Complete,2.74253,32.8,chromosome:NC_007622.1/AJ938182.1,,1.0,2480.0,2005-11-24T00:00:00Z,ftp://ftp.ncbi.nlm.nih.gov/genomes/all/GCA/000/009/005/GCA_000009005.1_ASM900v1,ftp://ftp.ncbi.nlm.nih.gov/genomes/all/GCF/000/009/005/GCF_000009005.1_ASM900v1
1,GCA_000009585.1,11,13,24,Staphylococcus aureus subsp. aureus ST398,Bacteria;Terrabacteria group;Firmicutes,type strain:ST398,SAMEA2272644,PRJEA29427,Complete,2.88537,32.8898,chromosome:NC_017333.1/AM990992.1; plasmid pS0385-1:NC_017334.1/AM990993.1; plasmid pS0385-2:NC_017335.1/AM990994.1; plasmid pS0385-3:NC_017336.1/AM990995.1,,4.0,2673.0,2010-01-07T00:00:00Z,ftp://ftp.ncbi.nlm.nih.gov/genomes/all/GCA/000/009/585/GCA_000009585.1_ASM958v1,ftp://ftp.ncbi.nlm.nih.gov/genomes/all/GCF/000/009/585/GCF_000009585.1_ASM958v1
2,GCA_000009645.1,0,10,10,Staphylococcus aureus subsp. aureus N315,Bacteria;Terrabacteria group;Firmicutes,N315,SAMD00061099,PRJNA264,Complete,2.83947,32.7644,chromosome:NC_002745.2/BA000018.3; plasmid pN315:NC_003140.1/AP003139.1,,2.0,2651.0,2001-04-21T00:00:00Z,ftp://ftp.ncbi.nlm.nih.gov/genomes/all/GCA/000/009/645/GCA_000009645.1_ASM964v1,ftp://ftp.ncbi.nlm.nih.gov/genomes/all/GCF/000/009/645/GCF_000009645.1_ASM964v1
3,GCA_000009665.1,0,10,10,Staphylococcus aureus subsp. aureus Mu50,Bacteria;Terrabacteria group;Firmicutes,Mu50,SAMD00061098,PRJNA263,Complete,2.90364,32.8654,chromosome:NC_002758.2/BA000017.4; plasmid VRSAp:NC_002774.1/AP003367.1,,2.0,2741.0,2001-10-04T00:00:00Z,ftp://ftp.ncbi.nlm.nih.gov/genomes/all/GCA/000/009/665/GCA_000009665.1_ASM966v1,ftp://ftp.ncbi.nlm.nih.gov/genomes/all/GCF/000/009/665/GCF_000009665.1_ASM966v1
4,GCA_000010445.1,20,14,34,Staphylococcus aureus subsp. aureus Mu3,Bacteria;Terrabacteria group;Firmicutes,Mu3,SAMD00060910,PRJDA18509,Complete,2.88017,32.9,chromosome:NC_009782.1/AP009324.1,,1.0,2721.0,2007-09-03T23:04:00Z,ftp://ftp.ncbi.nlm.nih.gov/genomes/all/GCA/000/010/445/GCA_000010445.1_ASM1044v1,ftp://ftp.ncbi.nlm.nih.gov/genomes/all/GCF/000/010/445/GCF_000010445.1_ASM1044v1
5,GCA_000010465.1,9,11,20,Staphylococcus aureus subsp. aureus str. Newman,Bacteria;Terrabacteria group;Firmicutes,Newman,SAMD00060913,PRJDA18801,Complete,2.8789,32.9,chromosome:NC_009641.1/AP009351.1,,1.0,2791.0,2007-07-02T23:49:00Z,ftp://ftp.ncbi.nlm.nih.gov/genomes/all/GCA/000/010/465/GCA_000010465.1_ASM1046v1,ftp://ftp.ncbi.nlm.nih.gov/genomes/all/GCF/000/010/465/GCF_000010465.1_ASM1046v1
6,GCA_000011265.1,0,11,11,Staphylococcus aureus subsp. aureus MW2,Bacteria;Terrabacteria group;Firmicutes,MW2,SAMD00061104,PRJNA306,Complete,2.82046,32.8,chromosome:NC_003923.1/BA000033.2,,1.0,2644.0,2002-05-31T00:00:00Z,ftp://ftp.ncbi.nlm.nih.gov/genomes/all/GCA/000/011/265/GCA_000011265.1_ASM1126v1,ftp://ftp.ncbi.nlm.nih.gov/genomes/all/GCF/000/011/265/GCF_000011265.1_ASM1126v1
7,GCA_000011505.1,0,11,11,Staphylococcus aureus subsp. aureus MRSA252,Bacteria;Terrabacteria group;Firmicutes,MRSA252,SAMEA1705935,PRJNA265,Complete,2.90262,32.8,chromosome:NC_002952.2/BX571856.1,,1.0,2687.0,2001-11-06T00:00:00Z,ftp://ftp.ncbi.nlm.nih.gov/genomes/all/GCA/000/011/505/GCA_000011505.1_ASM1150v1,ftp://ftp.ncbi.nlm.nih.gov/genomes/all/GCF/000/011/505/GCF_000011505.1_ASM1150v1
8,GCA_000011525.1,5,12,17,Staphylococcus aureus subsp. aureus MSSA476,Bacteria;Terrabacteria group;Firmicutes,MSSA476,SAMEA1705922,PRJNA266,Complete,2.82045,32.867,chromosome:NC_002953.3/BX571857.1; plasmid pSAS:NC_005951.1/BX571858.1,,2.0,2639.0,2001-11-06T00:00:00Z,ftp://ftp.ncbi.nlm.nih.gov/genomes/all/GCA/000/011/525/GCA_000011525.1_ASM1152v1,ftp://ftp.ncbi.nlm.nih.gov/genomes/all/GCF/000/011/525/GCF_000011525.1_ASM1152v1
9,GCA_000012045.1,9,12,21,Staphylococcus aureus subsp. aureus COL,Bacteria;Terrabacteria group;Firmicutes,COL,SAMN02603996,PRJNA238,Complete,2.81386,32.7956,chromosome:NC_002951.2/CP000046.1; plasmid pT181:NC_006629.2/CP000045.2,,2.0,2652.0,2001-09-14T00:00:00Z,ftp://ftp.ncbi.nlm.nih.gov/genomes/all/GCA/000/012/045/GCA_000012045.1_ASM1204v1,ftp://ftp.ncbi.nlm.nih.gov/genomes/all/GCF/000/012/045/GCF_000012045.1_ASM1204v1
10,GCA_000013425.1,5,12,17,Staphylococcus aureus subsp. aureus NCTC 8325,Bacteria;Terrabacteria group;Firmicutes,NCTC 8325,SAMN02604235,PRJNA237,Complete,2.82136,32.9,chromosome:NC_007795.1/CP000253.1,,1.0,2767.0,2006-02-13T00:00:00Z,ftp://ftp.ncbi.nlm.nih.gov/genomes/all/GCA/000/013/425/GCA_000013425.1_ASM1342v1,ftp://ftp.ncbi.nlm.nih.gov/genomes/all/GCF/000/013/425/GCF_000013425.1_ASM1342v1
11,GCA_000013465.1,10,13,23,Staphylococcus aureus subsp. aureus USA300_FPR3757,Bacteria;Terrabacteria group;Firmicutes,USA300_FPR3757,SAMN02604150,PRJNA16313,Complete,2.91747,32.7392,chromosome:NC_007793.1/CP000255.1; plasmid pUSA01:NC_007790.1/CP000256.1; plasmid pUSA02:NC_007791.1/CP000257.1; plasmid pUSA03:NC_007792.1/CP000258.1,,4.0,2774.0,2006-02-10T00:00:00Z,ftp://ftp.ncbi.nlm.nih.gov/genomes/all/GCA/000/013/465/GCA_000013465.1_ASM1346v1,ftp://ftp.ncbi.nlm.nih.gov/genomes/all/GCF/000/013/465/GCF_000013465.1_ASM1346v1
12,GCA_000016805.1,8,12,20,Staphylococcus aureus subsp. aureus JH9,Bacteria;Terrabacteria group;Firmicutes,JH9,SAMN02598343,PRJNA15757,Complete,2.93713,32.8658,chromosome:NC_009487.1/CP000703.1; plasmid pSJH901:NC_009477.1/CP000704.1,,2.0,2806.0,2007-05-18T00:00:00Z,ftp://ftp.ncbi.nlm.nih.gov/genomes/all/GCA/000/016/805/GCA_000016805.1_ASM1680v1,ftp://ftp.ncbi.nlm.nih.gov/genomes/all/GCF/000/016/805/GCF_000016805.1_ASM1680v1
13,GCA_000017085.1,23,15,38,Staphylococcus aureus subsp. aureus USA300_TCH1516,Bacteria;Terrabacteria group;Firmicutes,TCH1516,SAMN00253845,PRJNA19489,Complete,2.90308,32.7742,chromosome:NC_010079.1/CP000730.1; plasmid pUSA01-HOU:NC_012417.1/CP001544.1; plasmid pUSA300HOUMR:NC_010063.1/CP000731.1,,3.0,2762.0,2007-11-16T00:00:00Z,ftp://ftp.ncbi.nlm.nih.gov/genomes/all/GCA/000/017/085/GCA_000017085.1_ASM1708v1,ftp://ftp.ncbi.nlm.nih.gov/genomes/all/GCF/000/017/085/GCF_000017085.1_ASM1708v1
14,GCA_000017125.1,23,15,38,,,,,,,,,,,,,,,
15,GCA_000024585.1,23,15,38,Staphylococcus aureus subsp. aureus ED98,Bacteria;Terrabacteria group;Firmicutes,ED98,SAMN02604165,PRJNA39547,Complete,2.84754,32.7742,chromosome:NC_013450.1/CP001781.1; plasmid pAVX:NC_013453.1/CP001784.1; plasmid pAVY:NC_013451.1/CP001782.1; plasmid pT181:NC_013452.1/CP001783.1,,4.0,2680.0,2009-10-27T00:00:00Z,ftp://ftp.ncbi.nlm.nih.gov/genomes/all/GCA/000/024/585/GCA_000024585.1_ASM2458v1,ftp://ftp.ncbi.nlm.nih.gov/genomes/all/GCF/000/024/585/GCF_000024585.1_ASM2458v1
16,GCA_000025145.1,12,13,25,,,,,,,,,,,,,,,
17,GCA_000027045.1,5,12,17,Staphylococcus aureus subsp. aureus TW20,Bacteria;Terrabacteria group;Firmicutes,TW20,SAMEA2272282,PRJEA36647,Complete,3.07581,32.7972,chromosome:NC_017331.1/FN433596.1; plasmid pTW20_1:NC_017352.1/FN433597.1; plasmid pTW20_2:NC_017332.1/FN433598.1,,3.0,2933.0,2009-11-25T00:00:00Z,ftp://ftp.ncbi.nlm.nih.gov/genomes/all/GCA/000/027/045/GCA_000027045.1_ASM2704v1,ftp://ftp.ncbi.nlm.nih.gov/genomes/all/GCF/000/027/045/GCF_000027045.1_ASM2704v1
18,GCA_000144955.1,0,10,10,Staphylococcus aureus subsp. aureus JKD6159,Bacteria;Terrabacteria group;Firmicutes,JKD6159,SAMN02604217,PRJNA50759,Complete,2.83216,32.7678,chromosome:NC_017338.1/CP002114.2; plasmid pSaa6159:NC_017339.1/CP002115.1,,2.0,2637.0,2010-08-06T00:00:00Z,ftp://ftp.ncbi.nlm.nih.gov/genomes/all/GCA/000/144/955/GCA_000144955.1_ASM14495v1,ftp://ftp.ncbi.nlm.nih.gov/genomes/all/GCF/000/144/955/GCF_000144955.1_ASM14495v1
19,GCA_000145595.1,1,11,12,Staphylococcus aureus subsp. aureus str. JKD6008,Bacteria;Terrabacteria group;Firmicutes,JKD6008,SAMN02603619,PRJNA29567,Complete,2.92434,32.9,chromosome:NC_017341.1/CP002120.1,,1.0,2769.0,2010-08-13T00:00:00Z,ftp://ftp.ncbi.nlm.nih.gov/genomes/all/GCA/000/145/595/GCA_000145595.1_ASM14559v1,ftp://ftp.ncbi.nlm.nih.gov/genomes/all/GCF/000/145/595/GCF_000145595.1_ASM14559v1
20,GCA_000159535.2,23,15,38,Staphylococcus aureus subsp. aureus TCH60,Bacteria;Terrabacteria group;Firmicutes,TCH60,SAMN00002240,PRJNA31539,Complete,2.82717,32.8593,chromosome:NC_017342.1/CP002110.1; plasmid unnamed:NC_017345.1/CP002111.1,,2.0,2568.0,2010-11-23T00:00:00Z,ftp://ftp.ncbi.nlm.nih.gov/genomes/all/GCA/000/159/535/GCA_000159535.2_ASM15953v2,ftp://ftp.ncbi.nlm.nih.gov/genomes/all/GCF/000/159/535/GCF_000159535.2_ASM15953v2
21,GCA_000160195.1,5,14,19,Staphylococcus aureus subsp. aureus MN8,Bacteria;Terrabacteria group;Firmicutes,MN8,SAMN00001499,PRJNA31533, Chromosome,2.89959,32.7501,chromosome:NZ_CM000952.1/CM000952.1,ACJA02,1.0,5553.0,2009-03-16T00:00:00Z,ftp://ftp.ncbi.nlm.nih.gov/genomes/all/GCA/000/160/195/GCA_000160195.1_ASM16019v1,ftp://ftp.ncbi.nlm.nih.gov/genomes/all/GCF/000/160/195/GCF_000160195.1_ASM16019v1
22,GCA_000160335.2,10,13,23,Staphylococcus aureus subsp. aureus 55/2053,Bacteria;Terrabacteria group;Firmicutes,55/2053,SAMN00103091,PRJNA34891,Complete,2.77737,32.8162,chromosome:NC_022113.1/CP002388.1; plasmid unnamed:NC_022126.1/CP002389.1,,2.0,2582.0,2013-08-21T00:00:00Z,ftp://ftp.ncbi.nlm.nih.gov/genomes/all/GCA/000/160/335/GCA_000160335.2_ASM16033v2,ftp://ftp.ncbi.nlm.nih.gov/genomes/all/GCF/000/160/335/GCF_000160335.2_ASM16033v2
23,GCA_000189455.2,12,13,25,,,,,,,,,,,,,,,
24,GCA_000204665.1,24,14,38,Staphylococcus aureus subsp. aureus T0131,Bacteria;Terrabacteria group;Firmicutes,T0131,SAMN02603905,PRJNA65323,Complete,2.9139,32.8,chromosome:NC_017347.1/CP002643.1,,1.0,2741.0,2011-04-19T00:00:00Z,ftp://ftp.ncbi.nlm.nih.gov/genomes/all/GCA/000/204/665/GCA_000204665.1_ASM20466v1,ftp://ftp.ncbi.nlm.nih.gov/genomes/all/GCF/000/204/665/GCF_000204665.1_ASM20466v1
25,GCA_000210315.1,5,12,17,Staphylococcus aureus subsp. aureus ED133,Bacteria;Terrabacteria group;Firmicutes,ED133,SAMN02604166,PRJNA41277,Complete,2.83248,32.9,chromosome:NC_017337.1/CP001996.1,,1.0,2667.0,2010-06-21T00:00:00Z,ftp://ftp.ncbi.nlm.nih.gov/genomes/all/GCA/000/210/315/GCA_000210315.1_ASM21031v1,ftp://ftp.ncbi.nlm.nih.gov/genomes/all/GCF/000/210/315/GCF_000210315.1_ASM21031v1
26,GCA_000237125.1,7,12,19,,,,,,,,,,,,,,,
27,GCA_000237265.1,25,13,38,Staphylococcus aureus subsp. aureus LGA251,Bacteria;Terrabacteria group;Firmicutes,LGA251,SAMEA2272771,PRJEA62883,Complete,2.75383,32.9958,chromosome:NC_017349.1/FR821779.1; plasmid pLGA251:NC_017348.1/FR821780.1,,2.0,2533.0,2011-08-18T00:00:00Z,ftp://ftp.ncbi.nlm.nih.gov/genomes/all/GCA/000/237/265/GCA_000237265.1_ASM23726v1,ftp://ftp.ncbi.nlm.nih.gov/genomes/all/GCF/000/237/265/GCF_000237265.1_ASM23726v1
28,GCA_000239235.1,0,10,10,Staphylococcus aureus subsp. aureus 11819-97,Bacteria;Terrabacteria group;Firmicutes,11819-97,SAMN02603886,PRJNA78269,Complete,2.86886,32.8704,chromosome:NC_017351.1/CP003194.1; plasmid p11819-97:NC_017350.1/CP003193.1,,2.0,2710.0,2011-12-21T00:00:00Z,ftp://ftp.ncbi.nlm.nih.gov/genomes/all/GCA/000/239/235/GCA_000239235.1_ASM23923v1,ftp://ftp.ncbi.nlm.nih.gov/genomes/all/GCF/000/239/235/GCF_000239235.1_ASM23923v1
29,GCA_000245495.1,12,16,28,Staphylococcus aureus subsp. aureus VC40,Bacteria;Terrabacteria group;Firmicutes,VC40,SAMN02603393,PRJNA66591,Complete,2.69257,32.8,chromosome:NC_016912.1/CP003033.1,,1.0,2493.0,2012-02-01T00:00:00Z,ftp://ftp.ncbi.nlm.nih.gov/genomes/all/GCA/000/245/495/GCA_000245495.1_ASM24549v1,ftp://ftp.ncbi.nlm.nih.gov/genomes/all/GCF/000/245/495/GCF_000245495.1_ASM24549v1
30,GCA_000253135.1,9,11,20,Staphylococcus aureus subsp. aureus ECT-R 2,Bacteria;Terrabacteria group;Firmicutes,ECT-R 2,SAMEA2271964,PRJEA52833,Complete,2.75905,32.8419,chromosome:NC_017343.1/FR714927.1; plasmid pLUH01:NC_017346.1/FR714928.1; plasmid pLUH02:NC_017344.1/FR714929.1,,3.0,2567.0,2010-11-24T00:00:00Z,ftp://ftp.ncbi.nlm.nih.gov/genomes/all/GCA/000/253/135/GCA_000253135.1_ASM25313v1,ftp://ftp.ncbi.nlm.nih.gov/genomes/all/GCF/000/253/135/GCF_000253135.1_ASM25313v1
31,GCA_000258685.1,9,11,20,Staphylococcus aureus subsp. aureus 71193,Bacteria;Terrabacteria group;Firmicutes,71193,SAMN02603419,PRJNA66999, Chromosome,2.715,32.9,chromosome:NC_017673.1/CP003045.1,,1.0,2486.0,2012-04-13T00:00:00Z,ftp://ftp.ncbi.nlm.nih.gov/genomes/all/GCA/000/258/685/GCA_000258685.1_ASM25868v1,ftp://ftp.ncbi.nlm.nih.gov/genomes/all/GCF/000/258/685/GCF_000258685.1_ASM25868v1
32,GCA_000284535.1,0,10,10,Staphylococcus aureus subsp. aureus HO 5096 0412,Bacteria;Terrabacteria group;Firmicutes,HO 5096 0412,SAMEA2272552,PRJEA71279,Complete,2.8323,32.8,chromosome:NC_017763.1/HE681097.1,,1.0,2647.0,2012-04-23T00:00:00Z,ftp://ftp.ncbi.nlm.nih.gov/genomes/all/GCA/000/284/535/GCA_000284535.1_ASM28453v1,ftp://ftp.ncbi.nlm.nih.gov/genomes/all/GCF/000/284/535/GCF_000284535.1_ASM28453v1
33,GCA_000296595.1,17,12,29,Staphylococcus aureus 08BA02176,Bacteria;Terrabacteria group;Firmicutes,08BA02176,SAMN02603722,PRJNA174226,Complete,2.78231,32.9,chromosome:NC_018608.1/CP003808.1,,1.0,2548.0,2012-09-14T00:00:00Z,ftp://ftp.ncbi.nlm.nih.gov/genomes/all/GCA/000/296/595/GCA_000296595.1_ASM29659v1,ftp://ftp.ncbi.nlm.nih.gov/genomes/all/GCF/000/296/595/GCF_000296595.1_ASM29659v1
34,GCA_000367745.1,14,11,25,Staphylococcus aureus M1,Bacteria;Terrabacteria group;Firmicutes,M1,SAMEA2272540,PRJEB1620, Chromosome,2.89156,32.7469,chromosome:NC_021059.1/HF937103.1; plasmid pSK67-M1:NC_021060.1/HF937104.1,,2.0,2760.0,2013-04-15T00:00:00Z,ftp://ftp.ncbi.nlm.nih.gov/genomes/all/GCA/000/367/745/GCA_000367745.1_ASM36774v1,ftp://ftp.ncbi.nlm.nih.gov/genomes/all/GCF/000/367/745/GCF_000367745.1_ASM36774v1
35,GCA_000382965.1,12,12,24,Staphylococcus aureus subsp. aureus ST228,Bacteria;Terrabacteria group;Firmicutes,ST228,SAMEA2272458,PRJEA71349,Complete,2.79069,32.8912,chromosome:NC_020533.1/HE579065.1; plasmid pI4T8:NC_020534.1/HE579066.1,,2.0,2583.0,2012-10-05T00:00:00Z,ftp://ftp.ncbi.nlm.nih.gov/genomes/all/GCA/000/382/965/GCA_000382965.1_ASM38296v1,ftp://ftp.ncbi.nlm.nih.gov/genomes/all/GCF/000/382/965/GCF_000382965.1_ASM38296v1
36,GCA_000382985.1,5,13,18,Staphylococcus aureus subsp. aureus ST228,Bacteria;Terrabacteria group;Firmicutes,ST228,SAMEA2272299,PRJEA71351,Complete,2.79674,32.844,chromosome:NC_020566.1/HE579067.1; plasmid pI5S5:NC_020535.1/HE579068.1,,2.0,2581.0,2012-10-05T00:00:00Z,ftp://ftp.ncbi.nlm.nih.gov/genomes/all/GCA/000/382/985/GCA_000382985.1_ASM38298v1,ftp://ftp.ncbi.nlm.nih.gov/genomes/all/GCF/000/382/985/GCF_000382985.1_ASM38298v1
37,GCA_000383005.1,3,11,14,Staphylococcus aureus subsp. aureus ST228,Bacteria;Terrabacteria group;Firmicutes,ST228,SAMEA2272502,PRJEA71357,Complete,2.78309,32.8693,chromosome:NC_020568.1/HE579073.1; plasmid pI8T7:NC_020539.1/HE579074.1,,2.0,2578.0,2012-10-05T00:00:00Z,ftp://ftp.ncbi.nlm.nih.gov/genomes/all/GCA/000/383/005/GCA_000383005.1_ASM38300v1,ftp://ftp.ncbi.nlm.nih.gov/genomes/all/GCF/000/383/005/GCF_000383005.1_ASM38300v1
38,GCA_000412775.1,11,14,25,Staphylococcus aureus CA-347,Bacteria;Terrabacteria group;Firmicutes,CA-347,SAMN02603909,PRJNA197422,Complete,2.87516,32.9631,chromosome:NC_021554.1/CP006044.1; plasmid unnamed:NC_021552.1/CP006045.1,,2.0,2707.0,2013-06-20T00:00:00Z,ftp://ftp.ncbi.nlm.nih.gov/genomes/all/GCA/000/412/775/GCA_000412775.1_ASM41277v1,ftp://ftp.ncbi.nlm.nih.gov/genomes/all/GCF/000/412/775/GCF_000412775.1_ASM41277v1
39,GCA_000418345.1,7,12,19,Staphylococcus aureus,Bacteria;Terrabacteria group;Firmicutes,Bmb9393,SAMN02603524,PRJNA196937,Complete,2.98346,32.8966,chromosome:NC_021670.1/CP005288.1; plasmid pBmb9393:NC_021657.1/CP005289.1,,2.0,2831.0,2013-07-05T00:00:00Z,ftp://ftp.ncbi.nlm.nih.gov/genomes/all/GCA/000/418/345/GCA_000418345.1_ASM41834v1,ftp://ftp.ncbi.nlm.nih.gov/genomes/all/GCF/000/418/345/GCF_000418345.1_ASM41834v1
40,GCA_000452385.2,6,11,17,Staphylococcus aureus subsp. aureus Tager 104,Bacteria;Terrabacteria group;Firmicutes,Tager 104,SAMN02393830,PRJNA213989,Complete,2.82084,32.9,chromosome:NZ_CP012409.1/CP012409.1,,1.0,2566.0,2016-03-08T00:00:00Z,ftp://ftp.ncbi.nlm.nih.gov/genomes/all/GCA/000/452/385/GCA_000452385.2_ASM45238v2,ftp://ftp.ncbi.nlm.nih.gov/genomes/all/GCF/000/452/385/GCF_000452385.2_ASM45238v2
41,GCA_000462955.1,7,14,21,Staphylococcus aureus subsp. aureus 6850,Bacteria;Terrabacteria group;Firmicutes,6850,SAMN02604264,PRJNA216988,Complete,2.73656,32.8,chromosome:NC_022222.1/CP006706.1,,1.0,2491.0,2013-08-30T00:00:00Z,ftp://ftp.ncbi.nlm.nih.gov/genomes/all/GCA/000/462/955/GCA_000462955.1_ASM46295v1,ftp://ftp.ncbi.nlm.nih.gov/genomes/all/GCF/000/462/955/GCF_000462955.1_ASM46295v1
42,GCA_000463055.1,11,13,24,Staphylococcus aureus subsp. aureus CN1,Bacteria;Terrabacteria group;Firmicutes,CN1,SAMN02603420,PRJNA162343,Complete,2.75707,32.7942,chromosome:NC_022226.1/CP003979.1; plasmid unnamed:NC_022227.1/CP003980.1; plasmid unnamed2:NC_022228.1/CP003981.1,,3.0,2560.0,2013-08-30T00:00:00Z,ftp://ftp.ncbi.nlm.nih.gov/genomes/all/GCA/000/463/055/GCA_000463055.1_ASM46305v1,ftp://ftp.ncbi.nlm.nih.gov/genomes/all/GCF/000/463/055/GCF_000463055.1_ASM46305v1
43,GCA_000470845.1,12,14,26,Staphylococcus aureus subsp. aureus SA957,Bacteria;Terrabacteria group;Firmicutes,SA957,SAMN00996491,PRJNA167119,Complete,2.78954,32.9,chromosome:NC_022442.1/CP003603.1,,1.0,2598.0,2013-09-24T00:00:00Z,ftp://ftp.ncbi.nlm.nih.gov/genomes/all/GCA/000/470/845/GCA_000470845.1_ASM47084v1,ftp://ftp.ncbi.nlm.nih.gov/genomes/all/GCF/000/470/845/GCF_000470845.1_ASM47084v1
44,GCA_000470865.1,0,10,10,Staphylococcus aureus subsp. aureus SA40,Bacteria;Terrabacteria group;Firmicutes,SA40,SAMN02603110,PRJNA167373,Complete,2.72831,32.9,chromosome:NC_022443.1/CP003604.1,,1.0,2506.0,2013-09-24T00:00:00Z,ftp://ftp.ncbi.nlm.nih.gov/genomes/all/GCA/000/470/865/GCA_000470865.1_ASM47086v1,ftp://ftp.ncbi.nlm.nih.gov/genomes/all/GCF/000/470/865/GCF_000470865.1_ASM47086v1
45,GCA_000485885.1,23,14,37,Staphylococcus aureus subsp. aureus Z172,Bacteria;Terrabacteria group;Firmicutes,Z172,SAMN02370325,PRJNA222409,Complete,3.0183,32.798,chromosome:NC_022604.1/CP006838.1; plasmid pZ172_1:NC_022610.1/CP006839.1; plasmid pZ172_2:NC_022605.1/CP006840.1,,3.0,2877.0,2013-10-29T00:00:00Z,ftp://ftp.ncbi.nlm.nih.gov/genomes/all/GCA/000/485/885/GCA_000485885.1_ASM48588v1,ftp://ftp.ncbi.nlm.nih.gov/genomes/all/GCF/000/485/885/GCF_000485885.1_ASM48588v1
46,GCA_000568455.1,11,14,25,Staphylococcus aureus USA300-ISMMS1,Bacteria;Terrabacteria group;Firmicutes,USA300-ISMMS1,SAMN03081531,PRJNA237099,Complete,2.9512,32.7746,chromosome:NZ_CP007176.1/CP007176.1; plasmid pUSA01-ISMMS:NZ_CP007177.1/CP007177.1; plasmid pUSA02-ISMMS:NZ_CP007178.1/CP007178.1,,3.0,2817.0,2014-02-12T00:00:00Z,ftp://ftp.ncbi.nlm.nih.gov/genomes/all/GCA/000/568/455/GCA_000568455.1_ASM56845v1,ftp://ftp.ncbi.nlm.nih.gov/genomes/all/GCF/000/568/455/GCF_000568455.1_ASM56845v1
47,GCA_000597965.1,9,11,20,Staphylococcus aureus,Bacteria;Terrabacteria group;Firmicutes,502A,SAMN02690781,PRJNA240093,Complete,2.78769,32.8538,chromosome:NZ_CP007454.1/CP007454.1; plasmid unnamed:NZ_CP007455.1/CP007455.1,,2.0,2613.0,2014-03-19T00:00:00Z,ftp://ftp.ncbi.nlm.nih.gov/genomes/all/GCA/000/597/965/GCA_000597965.1_ASM59796v1,ftp://ftp.ncbi.nlm.nih.gov/genomes/all/GCF/000/597/965/GCF_000597965.1_ASM59796v1
48,GCA_000626615.2,24,14,38,,,,,,,,,,,,,,,
49,GCA_000695215.1,12,15,27,Staphylococcus aureus,Bacteria;Terrabacteria group;Firmicutes,H-EMRSA-15,SAMN02767598,PRJNA246435,Complete,2.84632,32.8,chromosome:NZ_CP007659.1/CP007659.1,,1.0,2666.0,2014-05-20T00:00:00Z,ftp://ftp.ncbi.nlm.nih.gov/genomes/all/GCA/000/695/215/GCA_000695215.1_ASM69521v1,ftp://ftp.ncbi.nlm.nih.gov/genomes/all/GCF/000/695/215/GCF_000695215.1_ASM69521v1
50,GCA_000695875.1,5,12,17,Staphylococcus aureus,Bacteria;Terrabacteria group;Firmicutes,UA-S391_USA300,SAMN02777327,PRJNA246435,Complete,2.87292,32.8,chromosome:NZ_CP007690.1/CP007690.1,,1.0,2731.0,2014-05-27T00:00:00Z,ftp://ftp.ncbi.nlm.nih.gov/genomes/all/GCA/000/695/875/GCA_000695875.1_ASM69587v1,ftp://ftp.ncbi.nlm.nih.gov/genomes/all/GCF/000/695/875/GCF_000695875.1_ASM69587v1
51,GCA_000737615.1,9,11,20,Staphylococcus aureus subsp. aureus SA268,Bacteria;Terrabacteria group;Firmicutes,SA268,SAMN02261725,PRJNA213166,Complete,2.8339,32.9,chromosome:NZ_CP006630.1/CP006630.1,,1.0,2648.0,2014-08-04T00:00:00Z,ftp://ftp.ncbi.nlm.nih.gov/genomes/all/GCA/000/737/615/GCA_000737615.1_ASM73761v1,ftp://ftp.ncbi.nlm.nih.gov/genomes/all/GCF/000/737/615/GCF_000737615.1_ASM73761v1
52,GCA_000746505.1,9,10,19,Staphylococcus aureus,Bacteria;Terrabacteria group;Firmicutes,2395 USA500,SAMN03290990,PRJNA240091,Complete,2.98805,32.8642,chromosome:NZ_CP007499.1/CP007499.1; plasmid pUSA500:NZ_CP007500.1/CP007500.1,,2.0,2871.0,2014-08-29T00:00:00Z,ftp://ftp.ncbi.nlm.nih.gov/genomes/all/GCA/000/746/505/GCA_000746505.1_ASM74650v1,ftp://ftp.ncbi.nlm.nih.gov/genomes/all/GCF/000/746/505/GCF_000746505.1_ASM74650v1
53,GCA_000756205.1,9,10,19,Staphylococcus aureus,Bacteria;Terrabacteria group;Firmicutes,ATCC 25923,SAMN03009478,PRJNA259557,Complete,2.80634,32.8784,chromosome:NZ_CP009361.1/CP009361.1; plasmid pS1945:NZ_CP009362.1/CP009362.1,,2.0,2609.0,2014-09-18T00:00:00Z,ftp://ftp.ncbi.nlm.nih.gov/genomes/all/GCA/000/756/205/GCA_000756205.1_ASM75620v1,ftp://ftp.ncbi.nlm.nih.gov/genomes/all/GCF/000/756/205/GCF_000756205.1_ASM75620v1
54,GCA_000769575.1,7,14,21,Staphylococcus aureus,Bacteria;Terrabacteria group;Firmicutes,Gv69,SAMN03144721,PRJNA264181,Complete,3.04621,32.9,chromosome:NZ_CP009681.1/CP009681.1,,1.0,2856.0,2014-10-28T00:00:00Z,ftp://ftp.ncbi.nlm.nih.gov/genomes/all/GCA/000/769/575/GCA_000769575.1_ASM76957v1,ftp://ftp.ncbi.nlm.nih.gov/genomes/all/GCF/000/769/575/GCF_000769575.1_ASM76957v1
55,GCA_000772025.1,11,14,25,Staphylococcus aureus,Bacteria;Terrabacteria group;Firmicutes,FORC_001,SAMN03140315,PRJNA259937,Complete,2.88602,32.8,chromosome:NZ_CP009554.1/CP009554.1,,1.0,2680.0,2014-11-05T00:00:00Z,ftp://ftp.ncbi.nlm.nih.gov/genomes/all/GCA/000/772/025/GCA_000772025.1_ASM77202v1,ftp://ftp.ncbi.nlm.nih.gov/genomes/all/GCF/000/772/025/GCF_000772025.1_ASM77202v1
56,GCA_000815045.1,12,17,29,Staphylococcus aureus,Bacteria;Terrabacteria group;Firmicutes,29b_MRSA,SAMN03251897,PRJNA268517,Complete,2.87277,32.8,chromosome:NZ_CP010295.1/CP010295.1,,1.0,2735.0,2015-01-06T00:00:00Z,ftp://ftp.ncbi.nlm.nih.gov/genomes/all/GCA/000/815/045/GCA_000815045.1_ASM81504v1,ftp://ftp.ncbi.nlm.nih.gov/genomes/all/GCF/000/815/045/GCF_000815045.1_ASM81504v1
57,GCA_000815085.1,12,14,26,Staphylococcus aureus,Bacteria;Terrabacteria group;Firmicutes,31b_MRSA,SAMN03251898,PRJNA268517,Complete,2.87278,32.8,chromosome:NZ_CP010296.1/CP010296.1,,1.0,2736.0,2015-01-06T00:00:00Z,ftp://ftp.ncbi.nlm.nih.gov/genomes/all/GCA/000/815/085/GCA_000815085.1_ASM81508v1,ftp://ftp.ncbi.nlm.nih.gov/genomes/all/GCF/000/815/085/GCF_000815085.1_ASM81508v1
58,GCA_000815125.1,5,13,18,Staphylococcus aureus,Bacteria;Terrabacteria group;Firmicutes,33b,SAMN03251894,PRJNA268517,Complete,2.87276,32.8,chromosome:NZ_CP010297.1/CP010297.1,,1.0,2735.0,2015-01-06T00:00:00Z,ftp://ftp.ncbi.nlm.nih.gov/genomes/all/GCA/000/815/125/GCA_000815125.1_ASM81512v1,ftp://ftp.ncbi.nlm.nih.gov/genomes/all/GCF/000/815/125/GCF_000815125.1_ASM81512v1
59,GCA_000815165.1,6,12,18,Staphylococcus aureus,Bacteria;Terrabacteria group;Firmicutes,26b_MRSA,SAMN03251899,PRJNA268517,Complete,2.87278,32.8,chromosome:NZ_CP010298.1/CP010298.1,,1.0,2735.0,2015-01-06T00:00:00Z,ftp://ftp.ncbi.nlm.nih.gov/genomes/all/GCA/000/815/165/GCA_000815165.1_ASM81516v1,ftp://ftp.ncbi.nlm.nih.gov/genomes/all/GCF/000/815/165/GCF_000815165.1_ASM81516v1
60,GCA_000815205.1,13,15,28,Staphylococcus aureus,Bacteria;Terrabacteria group;Firmicutes,25b_MRSA,SAMN03251895,PRJNA268517,Complete,2.87278,32.8,chromosome:NZ_CP010299.1/CP010299.1,,1.0,2736.0,2015-01-06T00:00:00Z,ftp://ftp.ncbi.nlm.nih.gov/genomes/all/GCA/000/815/205/GCA_000815205.1_ASM81520v1,ftp://ftp.ncbi.nlm.nih.gov/genomes/all/GCF/000/815/205/GCF_000815205.1_ASM81520v1
61,GCA_000815245.1,25,14,39,Staphylococcus aureus,Bacteria;Terrabacteria group;Firmicutes,27b_MRSA,SAMN03251896,PRJNA268517,Complete,2.87277,32.8,chromosome:NZ_CP010300.1/CP010300.1,,1.0,2735.0,2015-01-06T00:00:00Z,ftp://ftp.ncbi.nlm.nih.gov/genomes/all/GCA/000/815/245/GCA_000815245.1_ASM81524v1,ftp://ftp.ncbi.nlm.nih.gov/genomes/all/GCF/000/815/245/GCF_000815245.1_ASM81524v1
62,GCA_000828035.1,27,15,42,Staphylococcus aureus subsp. aureus ST772-MRSA-V,Bacteria;Terrabacteria group;Firmicutes,DAR4145,SAMN03268345,PRJNA270689,Complete,2.86051,32.8,chromosome:NZ_CP010526.1/CP010526.1,,1.0,2682.0,2015-01-20T00:00:00Z,ftp://ftp.ncbi.nlm.nih.gov/genomes/all/GCA/000/828/035/GCA_000828035.1_ASM82803v1,ftp://ftp.ncbi.nlm.nih.gov/genomes/all/GCF/000/828/035/GCF_000828035.1_ASM82803v1
63,GCA_000953255.1,9,11,20,Staphylococcus aureus,Bacteria;Terrabacteria group;Firmicutes,ILRI_Eymole1/1,SAMEA2743223,PRJEB6577,Complete,2.8743,32.9,chromosome I:NZ_LN626917.1/LN626917.1,,1.0,2680.0,2014-10-30T00:00:00Z,ftp://ftp.ncbi.nlm.nih.gov/genomes/all/GCA/000/953/255/GCA_000953255.1_Staphylococcus_aureus_Sa_ILRI_217,ftp://ftp.ncbi.nlm.nih.gov/genomes/all/GCF/000/953/255/GCF_000953255.1_Staphylococcus_aureus_Sa_ILRI_217
64,GCA_000967325.1,3,13,16,Staphylococcus aureus subsp. aureus ST228,Bacteria;Terrabacteria group;Firmicutes,ST228,SAMEA3283121,PRJEA71343,Complete,2.79036,32.8912,chromosome:NC_020529.1/HE579059.1; plasmid pI1T1:NC_020530.1/HE579060.1,,2.0,2585.0,2012-10-05T00:00:00Z,ftp://ftp.ncbi.nlm.nih.gov/genomes/all/GCA/000/967/325/GCA_000967325.1_ASM96732v1,ftp://ftp.ncbi.nlm.nih.gov/genomes/all/GCF/000/967/325/GCF_000967325.1_ASM96732v1
65,GCA_000967345.1,6,13,19,Staphylococcus aureus subsp. aureus ST228,Bacteria;Terrabacteria group;Firmicutes,ST228,SAMEA3283122,PRJEA71345,Complete,2.79037,32.8912,chromosome:NC_020564.1/HE579061.1; plasmid pI2T2:NC_020531.1/HE579062.1,,2.0,2580.0,2012-10-05T00:00:00Z,ftp://ftp.ncbi.nlm.nih.gov/genomes/all/GCA/000/967/345/GCA_000967345.1_ASM96734v1,ftp://ftp.ncbi.nlm.nih.gov/genomes/all/GCF/000/967/345/GCF_000967345.1_ASM96734v1
66,GCA_000967365.1,10,12,22,Staphylococcus aureus subsp. aureus ST228,Bacteria;Terrabacteria group;Firmicutes,ST228,SAMEA3283122,PRJEA71347,Complete,2.79207,32.8931,chromosome:NC_020532.1/HE579063.1; plasmid pI3T3:NC_020565.1/HE579064.1,,2.0,2581.0,2012-10-05T00:00:00Z,ftp://ftp.ncbi.nlm.nih.gov/genomes/all/GCA/000/967/365/GCA_000967365.1_ASM96736v1,ftp://ftp.ncbi.nlm.nih.gov/genomes/all/GCF/000/967/365/GCF_000967365.1_ASM96736v1
67,GCA_000967385.1,9,13,22,Staphylococcus aureus subsp. aureus ST228,Bacteria;Terrabacteria group;Firmicutes,ST228,SAMEA3283124,PRJEA71353,Complete,2.79217,32.893,chromosome:NC_020536.1/HE579069.1; plasmid pI6T6:NC_020567.1/HE579070.1,,2.0,2582.0,2012-10-05T00:00:00Z,ftp://ftp.ncbi.nlm.nih.gov/genomes/all/GCA/000/967/385/GCA_000967385.1_ASM96738v1,ftp://ftp.ncbi.nlm.nih.gov/genomes/all/GCF/000/967/385/GCF_000967385.1_ASM96738v1
68,GCA_000967405.1,21,14,35,Staphylococcus aureus subsp. aureus ST228,Bacteria;Terrabacteria group;Firmicutes,ST228,SAMEA3283125,PRJEA71355,Complete,2.78302,32.8693,chromosome:NC_020537.1/HE579071.1; plasmid pI7S6:NC_020538.1/HE579072.1,,2.0,2574.0,2012-10-05T00:00:00Z,ftp://ftp.ncbi.nlm.nih.gov/genomes/all/GCA/000/967/405/GCA_000967405.1_ASM96740v1,ftp://ftp.ncbi.nlm.nih.gov/genomes/all/GCF/000/967/405/GCF_000967405.1_ASM96740v1
69,GCA_000969225.1,10,12,22,Staphylococcus aureus,Bacteria;Terrabacteria group;Firmicutes,FCFHV36,SAMN03444404,PRJNA279236,Complete,2.84981,32.9,chromosome:NZ_CP011147.1/CP011147.1,,1.0,2691.0,2015-04-06T00:00:00Z,ftp://ftp.ncbi.nlm.nih.gov/genomes/all/GCA/000/969/225/GCA_000969225.1_ASM96922v1,ftp://ftp.ncbi.nlm.nih.gov/genomes/all/GCF/000/969/225/GCF_000969225.1_ASM96922v1
70,GCA_001018645.2,5,11,16,Staphylococcus aureus,Bacteria;Terrabacteria group;Firmicutes,FDAARGOS_2,SAMN03255442,PRJNA231221,Complete,2.80999,32.7856,chromosome:NZ_CP026964.1/CP026964.1; plasmid unnamed1:NZ_CP026965.1/CP026965.1; plasmid unnamed2:NZ_CP026966.1/CP026966.1; plasmid unnamed3:NZ_CP026967.1/CP026967.1,,4.0,2631.0,2018-02-14T00:00:00Z,ftp://ftp.ncbi.nlm.nih.gov/genomes/all/GCA/001/018/645/GCA_001018645.2_ASM101864v2,ftp://ftp.ncbi.nlm.nih.gov/genomes/all/GCF/001/018/645/GCF_001018645.2_ASM101864v2
71,GCA_001018655.2,0,11,11,Staphylococcus aureus,Bacteria;Terrabacteria group;Firmicutes,FDAARGOS_6,SAMN03255445,PRJNA231221,Complete,2.75929,32.7419,chromosome:NZ_CP026962.1/CP026962.1; plasmid unnamed1:NZ_CP026963.1/CP026963.1,,2.0,2574.0,2018-02-14T00:00:00Z,ftp://ftp.ncbi.nlm.nih.gov/genomes/all/GCA/001/018/655/GCA_001018655.2_ASM101865v2,ftp://ftp.ncbi.nlm.nih.gov/genomes/all/GCF/001/018/655/GCF_001018655.2_ASM101865v2
72,GCA_001018685.2,8,12,20,Staphylococcus aureus,Bacteria;Terrabacteria group;Firmicutes,TCH 959,SAMN03255444,PRJNA231221,Complete,2.81177,32.8,chromosome:NZ_CP026076.1/CP026076.1,,1.0,2671.0,2018-01-18T00:00:00Z,ftp://ftp.ncbi.nlm.nih.gov/genomes/all/GCA/001/018/685/GCA_001018685.2_ASM101868v2,ftp://ftp.ncbi.nlm.nih.gov/genomes/all/GCF/001/018/685/GCF_001018685.2_ASM101868v2
73,GCA_001018725.2,6,12,18,Staphylococcus aureus,Bacteria;Terrabacteria group;Firmicutes,FDAARGOS_10,SAMN03255449,PRJNA231221,Complete,2.87387,32.9,chromosome:NZ_CP026961.1/CP026961.1,,1.0,2790.0,2018-02-14T00:00:00Z,ftp://ftp.ncbi.nlm.nih.gov/genomes/all/GCA/001/018/725/GCA_001018725.2_ASM101872v2,ftp://ftp.ncbi.nlm.nih.gov/genomes/all/GCF/001/018/725/GCF_001018725.2_ASM101872v2
74,GCA_001018735.2,23,15,38,Staphylococcus aureus,Bacteria;Terrabacteria group;Firmicutes,NRS137,SAMN03255451,PRJNA231221,Complete,2.72574,32.8072,chromosome:NZ_CP026080.1/CP026080.1; plasmid unnamed:NZ_CP026081.1/CP026081.1,,2.0,2543.0,2018-01-18T00:00:00Z,ftp://ftp.ncbi.nlm.nih.gov/genomes/all/GCA/001/018/735/GCA_001018735.2_ASM101873v2,ftp://ftp.ncbi.nlm.nih.gov/genomes/all/GCF/001/018/735/GCF_001018735.2_ASM101873v2
75,GCA_001018775.2,11,13,24,Staphylococcus aureus,Bacteria;Terrabacteria group;Firmicutes,NRS149,SAMN03255453,PRJNA231221,Complete,2.76471,32.9,chromosome:NZ_CP026063.1/CP026063.1,,1.0,2606.0,2018-01-18T00:00:00Z,ftp://ftp.ncbi.nlm.nih.gov/genomes/all/GCA/001/018/775/GCA_001018775.2_ASM101877v2,ftp://ftp.ncbi.nlm.nih.gov/genomes/all/GCF/001/018/775/GCF_001018775.2_ASM101877v2
76,GCA_001018805.1,7,14,21,,,,,,,,,,,,,,,
77,GCA_001018835.2,1,11,12,Staphylococcus aureus,Bacteria;Terrabacteria group;Firmicutes,NRS271,SAMN03255458,PRJNA231221,Complete,2.87905,32.7718,chromosome:NZ_CP026064.1/CP026064.1; plasmid unnamed:NZ_CP026065.1/CP026065.1,,2.0,2703.0,2018-01-18T00:00:00Z,ftp://ftp.ncbi.nlm.nih.gov/genomes/all/GCA/001/018/835/GCA_001018835.2_ASM101883v2,ftp://ftp.ncbi.nlm.nih.gov/genomes/all/GCF/001/018/835/GCF_001018835.2_ASM101883v2
78,GCA_001018845.2,13,14,27,Staphylococcus aureus,Bacteria;Terrabacteria group;Firmicutes,NRS153,SAMN03255460,PRJNA231221,Complete,2.88124,32.9,chromosome:NZ_CP026067.1/CP026067.1,,1.0,2702.0,2018-01-18T00:00:00Z,ftp://ftp.ncbi.nlm.nih.gov/genomes/all/GCA/001/018/845/GCA_001018845.2_ASM101884v2,ftp://ftp.ncbi.nlm.nih.gov/genomes/all/GCF/001/018/845/GCF_001018845.2_ASM101884v2
79,GCA_001018915.2,3,13,16,Staphylococcus aureus,Bacteria;Terrabacteria group;Firmicutes,NRS133,SAMN03255466,PRJNA231221,Complete,2.74036,32.8,chromosome:NZ_CP026070.1/CP026070.1,,1.0,2586.0,2018-01-18T00:00:00Z,ftp://ftp.ncbi.nlm.nih.gov/genomes/all/GCA/001/018/915/GCA_001018915.2_ASM101891v2,ftp://ftp.ncbi.nlm.nih.gov/genomes/all/GCF/001/018/915/GCF_001018915.2_ASM101891v2
80,GCA_001018975.2,11,12,23,Staphylococcus aureus,Bacteria;Terrabacteria group;Firmicutes,NRS143,SAMN03255469,PRJNA231221,Complete,2.86165,32.8,chromosome:NZ_CP026071.1/CP026071.1,,1.0,2665.0,2018-01-18T00:00:00Z,ftp://ftp.ncbi.nlm.nih.gov/genomes/all/GCA/001/018/975/GCA_001018975.2_ASM101897v2,ftp://ftp.ncbi.nlm.nih.gov/genomes/all/GCF/001/018/975/GCF_001018975.2_ASM101897v2
81,GCA_001019125.2,24,15,39,Staphylococcus aureus,Bacteria;Terrabacteria group;Firmicutes,FDAARGOS_43,SAMN03255482,PRJNA231221,Complete,2.82063,32.8,chromosome:NZ_CP026957.1/CP026957.1,,1.0,2646.0,2018-02-14T00:00:00Z,ftp://ftp.ncbi.nlm.nih.gov/genomes/all/GCA/001/019/125/GCA_001019125.2_ASM101912v2,ftp://ftp.ncbi.nlm.nih.gov/genomes/all/GCF/001/019/125/GCF_001019125.2_ASM101912v2
82,GCA_001019205.2,26,15,41,Staphylococcus aureus,Bacteria;Terrabacteria group;Firmicutes,FDAARGOS_48,SAMN03255487,PRJNA231221,Complete,2.84735,32.878,chromosome:NZ_CP026953.1/CP026953.1; plasmid unnamed1:NZ_CP026954.1/CP026954.1; plasmid unnamed2:NZ_CP026955.1/CP026955.1; plasmid unnamed3:NZ_CP026956.1/CP026956.1,,4.0,2712.0,2018-02-14T00:00:00Z,ftp://ftp.ncbi.nlm.nih.gov/genomes/all/GCA/001/019/205/GCA_001019205.2_ASM101920v2,ftp://ftp.ncbi.nlm.nih.gov/genomes/all/GCF/001/019/205/GCF_001019205.2_ASM101920v2
83,GCA_001019255.2,0,11,11,Staphylococcus aureus,Bacteria;Terrabacteria group;Firmicutes,FDAARGOS_1,SAMN03255441,PRJNA231221,Complete,2.85547,32.8782,chromosome:NZ_CP026968.1/CP026968.1; plasmid unnamed1:NZ_CP026969.1/CP026969.1; plasmid unnamed2:NZ_CP026970.1/CP026970.1; plasmid unnamed3:NZ_CP026971.1/CP026971.1; plasmid unnamed4:NZ_CP026972.1/CP026972.1,,5.0,2715.0,2018-02-14T00:00:00Z,ftp://ftp.ncbi.nlm.nih.gov/genomes/all/GCA/001/019/255/GCA_001019255.2_ASM101925v2,ftp://ftp.ncbi.nlm.nih.gov/genomes/all/GCF/001/019/255/GCF_001019255.2_ASM101925v2
84,GCA_001019275.2,9,12,21,Staphylococcus aureus,Bacteria;Terrabacteria group;Firmicutes,NRS107,SAMN03255446,PRJNA231221,Complete,2.72908,32.7485,chromosome:NZ_CP026077.1/CP026077.1; plasmid unnamed:NZ_CP026078.1/CP026078.1,,2.0,2546.0,2018-01-18T00:00:00Z,ftp://ftp.ncbi.nlm.nih.gov/genomes/all/GCA/001/019/275/GCA_001019275.2_ASM101927v2,ftp://ftp.ncbi.nlm.nih.gov/genomes/all/GCF/001/019/275/GCF_001019275.2_ASM101927v2
85,GCA_001019305.2,13,14,27,Staphylococcus aureus,Bacteria;Terrabacteria group;Firmicutes,NRS70,SAMN03255448,PRJNA231221,Complete,2.8147,32.8,chromosome:NZ_CP026079.1/CP026079.1,,1.0,2624.0,2018-01-18T00:00:00Z,ftp://ftp.ncbi.nlm.nih.gov/genomes/all/GCA/001/019/305/GCA_001019305.2_ASM101930v2,ftp://ftp.ncbi.nlm.nih.gov/genomes/all/GCF/001/019/305/GCF_001019305.2_ASM101930v2
86,GCA_001019395.2,13,14,27,Staphylococcus aureus,Bacteria;Terrabacteria group;Firmicutes,NRS484,SAMN03255459,PRJNA231221,Complete,2.81831,32.9,chromosome:NZ_CP026066.1/CP026066.1,,1.0,2598.0,2018-01-18T00:00:00Z,ftp://ftp.ncbi.nlm.nih.gov/genomes/all/GCA/001/019/395/GCA_001019395.2_ASM101939v2,ftp://ftp.ncbi.nlm.nih.gov/genomes/all/GCF/001/019/395/GCF_001019395.2_ASM101939v2
87,GCA_001019415.2,12,16,28,Staphylococcus aureus,Bacteria;Terrabacteria group;Firmicutes,NRS146,SAMN03255463,PRJNA231221,Complete,2.69747,32.8,chromosome:NZ_CP026068.1/CP026068.1,,1.0,2519.0,2018-01-18T00:00:00Z,ftp://ftp.ncbi.nlm.nih.gov/genomes/all/GCA/001/019/415/GCA_001019415.2_ASM101941v2,ftp://ftp.ncbi.nlm.nih.gov/genomes/all/GCF/001/019/415/GCF_001019415.2_ASM101941v2
88,GCA_001019435.2,9,11,20,Staphylococcus aureus,Bacteria;Terrabacteria group;Firmicutes,NRS1,SAMN03255464,PRJNA231221,Complete,2.8785,32.9,chromosome:NZ_CP026069.1/CP026069.1,,1.0,2715.0,2018-01-18T00:00:00Z,ftp://ftp.ncbi.nlm.nih.gov/genomes/all/GCA/001/019/435/GCA_001019435.2_ASM101943v2,ftp://ftp.ncbi.nlm.nih.gov/genomes/all/GCF/001/019/435/GCF_001019435.2_ASM101943v2
89,GCA_001019485.2,11,12,23,Staphylococcus aureus,Bacteria;Terrabacteria group;Firmicutes,NRS120,SAMN03255474,PRJNA231221,Complete,2.95589,32.8,chromosome:NZ_CP026072.1/CP026072.1,,1.0,2841.0,2018-01-18T00:00:00Z,ftp://ftp.ncbi.nlm.nih.gov/genomes/all/GCA/001/019/485/GCA_001019485.2_ASM101948v2,ftp://ftp.ncbi.nlm.nih.gov/genomes/all/GCF/001/019/485/GCF_001019485.2_ASM101948v2
90,GCA_001019495.2,11,13,24,Staphylococcus aureus,Bacteria;Terrabacteria group;Firmicutes,FDAARGOS_40,SAMN03255479,PRJNA231221,Complete,2.88933,32.8839,chromosome:NZ_CP026958.1/CP026958.1; plasmid unnamed1:NZ_CP026959.1/CP026959.1,,2.0,2740.0,2018-02-14T00:00:00Z,ftp://ftp.ncbi.nlm.nih.gov/genomes/all/GCA/001/019/495/GCA_001019495.2_ASM101949v2,ftp://ftp.ncbi.nlm.nih.gov/genomes/all/GCF/001/019/495/GCF_001019495.2_ASM101949v2
91,GCA_001019535.2,11,12,23,Staphylococcus aureus,Bacteria;Terrabacteria group;Firmicutes,Mw2,SAMN03255481,PRJNA231221,Complete,2.81933,32.8,chromosome:NZ_CP026073.1/CP026073.1,,1.0,2645.0,2018-01-18T00:00:00Z,ftp://ftp.ncbi.nlm.nih.gov/genomes/all/GCA/001/019/535/GCA_001019535.2_ASM101953v2,ftp://ftp.ncbi.nlm.nih.gov/genomes/all/GCF/001/019/535/GCF_001019535.2_ASM101953v2
92,GCA_001019575.2,11,12,23,Staphylococcus aureus,Bacteria;Terrabacteria group;Firmicutes,HPV107,SAMN03255486,PRJNA231221,Complete,2.90141,32.9073,chromosome:NZ_CP026074.1/CP026074.1; plasmid unnamed:NZ_CP026075.1/CP026075.1,,2.0,2764.0,2018-01-18T00:00:00Z,ftp://ftp.ncbi.nlm.nih.gov/genomes/all/GCA/001/019/575/GCA_001019575.2_ASM101957v2,ftp://ftp.ncbi.nlm.nih.gov/genomes/all/GCF/001/019/575/GCF_001019575.2_ASM101957v2
93,GCA_001021875.1,8,12,20,Staphylococcus aureus,Bacteria;Terrabacteria group;Firmicutes,M121,SAMN02746692,PRJNA246311,Complete,2.91655,32.8664,chromosome:NZ_CP007670.1/CP007670.1; plasmid pM121:NZ_CP007671.1/CP007671.1,,2.0,2781.0,2015-06-08T00:00:00Z,ftp://ftp.ncbi.nlm.nih.gov/genomes/all/GCA/001/021/875/GCA_001021875.1_ASM102187v1,ftp://ftp.ncbi.nlm.nih.gov/genomes/all/GCF/001/021/875/GCF_001021875.1_ASM102187v1
94,GCA_001021895.1,0,10,10,Staphylococcus aureus,Bacteria;Terrabacteria group;Firmicutes,CA15,SAMN02767179,PRJNA246386,Complete,2.86428,32.7616,chromosome:NZ_CP007674.1/CP007674.1; plasmid pCA15:NZ_CP007675.1/CP007675.1,,2.0,2714.0,2015-06-08T00:00:00Z,ftp://ftp.ncbi.nlm.nih.gov/genomes/all/GCA/001/021/895/GCA_001021895.1_ASM102189v1,ftp://ftp.ncbi.nlm.nih.gov/genomes/all/GCF/001/021/895/GCF_001021895.1_ASM102189v1
95,GCA_001027045.1,12,14,26,Staphylococcus aureus,Bacteria;Terrabacteria group;Firmicutes,RKI4,SAMN03699895,PRJNA284222,Complete,2.74356,32.7693,chromosome:NZ_CP011528.1/CP011528.1; plasmid unnamed:NZ_CP011529.1/CP011529.1,,2.0,2549.0,2015-06-03T00:00:00Z,ftp://ftp.ncbi.nlm.nih.gov/genomes/all/GCA/001/027/045/GCA_001027045.1_ASM102704v1,ftp://ftp.ncbi.nlm.nih.gov/genomes/all/GCF/001/027/045/GCF_001027045.1_ASM102704v1
96,GCA_001027105.1,9,13,22,Staphylococcus aureus,Bacteria;Terrabacteria group;Firmicutes,DSM 20231,SAMN03651231,PRJNA283471,Complete,2.78256,32.8783,chromosome:NZ_CP011526.1/CP011526.1; plasmid unnamed:NZ_CP011527.1/CP011527.1,,2.0,2631.0,2015-06-03T00:00:00Z,ftp://ftp.ncbi.nlm.nih.gov/genomes/all/GCA/001/027/105/GCA_001027105.1_ASM102710v1,ftp://ftp.ncbi.nlm.nih.gov/genomes/all/GCF/001/027/105/GCF_001027105.1_ASM102710v1
97,GCA_001045795.2,0,10,10,Staphylococcus aureus,Bacteria;Terrabacteria group;Firmicutes,CA12,SAMN02767090,PRJNA246373,Complete,2.86537,32.7624,chromosome:NZ_CP007672.1/CP007672.1; plasmid pCA12:NZ_CP007673.1/CP007673.1,,2.0,2710.0,2015-10-23T00:00:00Z,ftp://ftp.ncbi.nlm.nih.gov/genomes/all/GCA/001/045/795/GCA_001045795.2_ASM104579v2,ftp://ftp.ncbi.nlm.nih.gov/genomes/all/GCF/001/045/795/GCF_001045795.2_ASM104579v2
98,GCA_001045995.2,11,14,25,Staphylococcus aureus,Bacteria;Terrabacteria group;Firmicutes,HUV05,SAMN02767311,PRJNA246401,Complete,2.91559,32.7153,chromosome:NZ_CP007676.1/CP007676.1; plasmid pHUV05-01:NZ_CP007677.1/CP007677.1; plasmid pHUV05-02:NZ_CP007678.1/CP007678.1; plasmid pHUV05-03:NZ_CP007679.1/CP007679.1,,4.0,2751.0,2015-10-23T00:00:00Z,ftp://ftp.ncbi.nlm.nih.gov/genomes/all/GCA/001/045/995/GCA_001045995.2_ASM104599v2,ftp://ftp.ncbi.nlm.nih.gov/genomes/all/GCF/001/045/995/GCF_001045995.2_ASM104599v2
99,GCA_001046095.2,0,10,10,Staphylococcus aureus,Bacteria;Terrabacteria group;Firmicutes,V2200,SAMN02743812,PRJNA246185,Complete,2.87437,32.8592,chromosome:NZ_CP007657.1/CP007657.1; plasmid pV2200:NZ_CP007658.1/CP007658.1,,2.0,2704.0,2015-10-23T00:00:00Z,ftp://ftp.ncbi.nlm.nih.gov/genomes/all/GCA/001/046/095/GCA_001046095.2_ASM104609v2,ftp://ftp.ncbi.nlm.nih.gov/genomes/all/GCF/001/046/095/GCF_001046095.2_ASM104609v2
100,GCA_001183705.3,4,12,16,Staphylococcus aureus,Bacteria;Terrabacteria group;Firmicutes,USA300_2014.C01,SAMN03787328,PRJNA287576,Complete,2.9483,32.7503,chromosome:NZ_CP012119.2/CP012119.2; plasmid pC01:CP012118.2; plasmid pC01_A:NZ_CP025490.1/; plasmid pC01a:CP025490.1; plasmid pC01b:NZ_CP012118.2/,,3.0,2856.0,2015-07-21T00:00:00Z,ftp://ftp.ncbi.nlm.nih.gov/genomes/all/GCA/001/183/705/GCA_001183705.3_ASM118370v3,ftp://ftp.ncbi.nlm.nih.gov/genomes/all/GCF/001/183/705/GCF_001183705.3_ASM118370v3
101,GCA_001183725.2,0,11,11,Staphylococcus aureus,Bacteria;Terrabacteria group;Firmicutes,USA300_2014.C02,SAMN03787340,PRJNA287791,Complete,2.92915,32.7227,chromosome:NZ_CP012120.2/CP012120.2; plasmid pC02:NZ_CP012121.2/CP012121.2; plasmid pC02_A:NZ_CP025489.1/; plasmid pC02a:CP025489.1,,3.0,2783.0,2015-07-21T00:00:00Z,ftp://ftp.ncbi.nlm.nih.gov/genomes/all/GCA/001/183/725/GCA_001183725.2_ASM118372v2,ftp://ftp.ncbi.nlm.nih.gov/genomes/all/GCF/001/183/725/GCF_001183725.2_ASM118372v2
102,GCA_001278745.1,8,10,18,Staphylococcus aureus,Bacteria;Terrabacteria group;Firmicutes,HOU1444-VR,SAMN03092273,PRJNA294307,Complete,2.89373,32.846,chromosome:NZ_CP012593.1/CP012593.1; plasmid pVR-MSSA_01:NZ_CP012594.1/CP012594.1; plasmid pVR-MSSA_02:NZ_CP012595.1/CP012595.1; plasmid pVR-MSSA_03:NZ_CP012596.1/CP012596.1,,4.0,2738.0,2015-09-04T00:00:00Z,ftp://ftp.ncbi.nlm.nih.gov/genomes/all/GCA/001/278/745/GCA_001278745.1_ASM127874v1,ftp://ftp.ncbi.nlm.nih.gov/genomes/all/GCF/001/278/745/GCF_001278745.1_ASM127874v1
103,GCA_001281145.1,0,10,10,Staphylococcus aureus,Bacteria;Terrabacteria group;Firmicutes,SA564,SAMN03267711,PRJNA270620,Complete,2.81081,32.8447,chromosome:NZ_CP010890.1/CP010890.1; plasmid pSA564:NZ_CP010891.1/CP010891.1,,2.0,2643.0,2015-09-11T00:00:00Z,ftp://ftp.ncbi.nlm.nih.gov/genomes/all/GCA/001/281/145/GCA_001281145.1_ASM128114v1,ftp://ftp.ncbi.nlm.nih.gov/genomes/all/GCF/001/281/145/GCF_001281145.1_ASM128114v1
104,GCA_001296985.1,6,13,19,Staphylococcus aureus,Bacteria;Terrabacteria group;Firmicutes,GR2,SAMN03267304,PRJNA270571,Complete,2.82417,32.8644,chromosome:NZ_CP010402.1/CP010402.1; plasmid pGR2A:NZ_CP010403.1/CP010403.1; plasmid pGR2B:NZ_CP010404.1/CP010404.1,,3.0,2641.0,2015-09-22T00:00:00Z,ftp://ftp.ncbi.nlm.nih.gov/genomes/all/GCA/001/296/985/GCA_001296985.1_ASM129698v1,ftp://ftp.ncbi.nlm.nih.gov/genomes/all/GCF/001/296/985/GCF_001296985.1_ASM129698v1
105,GCA_001298325.2,9,13,22,Staphylococcus aureus,Bacteria;Terrabacteria group;Firmicutes,BA01611,SAMN04008874,PRJNA293604,Complete,2.88586,32.9,chromosome:NZ_CP019945.1/CP019945.1,,1.0,2732.0,2017-02-27T00:00:00Z,ftp://ftp.ncbi.nlm.nih.gov/genomes/all/GCA/001/298/325/GCA_001298325.2_ASM129832v2,ftp://ftp.ncbi.nlm.nih.gov/genomes/all/GCF/001/298/325/GCF_001298325.2_ASM129832v2
106,GCA_001307235.1,9,11,20,Staphylococcus aureus,Bacteria;Terrabacteria group;Firmicutes,JS395,SAMN03777299,PRJNA287201,Complete,2.88961,32.8586,chromosome:NZ_CP012756.1/CP012756.1; plasmid unnamed:NZ_CP012757.1/CP012757.1,,2.0,2666.0,2015-10-06T00:00:00Z,ftp://ftp.ncbi.nlm.nih.gov/genomes/all/GCA/001/307/235/GCA_001307235.1_ASM130723v1,ftp://ftp.ncbi.nlm.nih.gov/genomes/all/GCF/001/307/235/GCF_001307235.1_ASM130723v1
107,GCA_001444345.1,9,12,21,Staphylococcus aureus,Bacteria;Terrabacteria group;Firmicutes,XQ,SAMN04253017,PRJNA301649,Complete,2.80359,32.8,chromosome:NZ_CP013137.1/CP013137.1,,1.0,2581.0,2015-11-17T00:00:00Z,ftp://ftp.ncbi.nlm.nih.gov/genomes/all/GCA/001/444/345/GCA_001444345.1_ASM144434v1,ftp://ftp.ncbi.nlm.nih.gov/genomes/all/GCF/001/444/345/GCF_001444345.1_ASM144434v1
108,GCA_001456215.1,11,13,24,Staphylococcus aureus,Bacteria;Terrabacteria group;Firmicutes,MS4,SAMN03145755,PRJNA263760,Complete,2.7098,32.9,chromosome:NZ_CP009828.1/CP009828.1,,1.0,2541.0,2015-12-03T00:00:00Z,ftp://ftp.ncbi.nlm.nih.gov/genomes/all/GCA/001/456/215/GCA_001456215.1_ASM145621v1,ftp://ftp.ncbi.nlm.nih.gov/genomes/all/GCF/001/456/215/GCF_001456215.1_ASM145621v1
109,GCA_001457495.1,23,15,38,Staphylococcus aureus,Bacteria;Terrabacteria group;Firmicutes,NCTC13435,SAMEA2479566,PRJEB6403,Complete,2.80917,32.89,chromosome 1:NZ_LN831036.1/LN831036.1; plasmid 2:NZ_LN831037.1/LN831037.1; plasmid 3:NZ_LN831038.1/LN831038.1,,3.0,2626.0,2015-03-22T00:00:00Z,ftp://ftp.ncbi.nlm.nih.gov/genomes/all/GCA/001/457/495/GCA_001457495.1_NCTC13435,ftp://ftp.ncbi.nlm.nih.gov/genomes/all/GCF/001/457/495/GCF_001457495.1_NCTC13435
110,GCA_001465635.1,0,10,10,Staphylococcus aureus,Bacteria;Terrabacteria group;Firmicutes,RIVM1295,SAMN04325935,PRJNA305475,Complete,2.78249,32.9943,chromosome:NZ_CP013616.1/CP013616.1; plasmid pRIVM1295-1:NZ_CP013617.1/CP013617.1; plasmid pRIVM1295-2:NZ_CP013618.1/CP013618.1,,3.0,2554.0,2015-12-14T00:00:00Z,ftp://ftp.ncbi.nlm.nih.gov/genomes/all/GCA/001/465/635/GCA_001465635.1_ASM146563v1,ftp://ftp.ncbi.nlm.nih.gov/genomes/all/GCF/001/465/635/GCF_001465635.1_ASM146563v1
111,GCA_001465675.1,0,10,10,Staphylococcus aureus,Bacteria;Terrabacteria group;Firmicutes,RIVM1607,SAMN04325938,PRJNA305475,Complete,2.77101,32.9014,chromosome:NZ_CP013619.1/CP013619.1; plasmid pRIVM1607:NZ_CP013620.1/CP013620.1,,2.0,2528.0,2015-12-14T00:00:00Z,ftp://ftp.ncbi.nlm.nih.gov/genomes/all/GCA/001/465/675/GCA_001465675.1_ASM146567v1,ftp://ftp.ncbi.nlm.nih.gov/genomes/all/GCF/001/465/675/GCF_001465675.1_ASM146567v1
112,GCA_001465755.1,0,10,10,Staphylococcus aureus,Bacteria;Terrabacteria group;Firmicutes,RIVM3897,SAMN04325940,PRJNA305475,Complete,2.89454,33.0,chromosome:NZ_CP013621.1/CP013621.1,,1.0,2699.0,2015-12-14T00:00:00Z,ftp://ftp.ncbi.nlm.nih.gov/genomes/all/GCA/001/465/755/GCA_001465755.1_ASM146575v1,ftp://ftp.ncbi.nlm.nih.gov/genomes/all/GCF/001/465/755/GCF_001465755.1_ASM146575v1
113,GCA_001471715.2,5,14,19,Staphylococcus aureus,Bacteria;Terrabacteria group;Firmicutes,FDAARGOS_140,SAMN03996284,PRJNA231221, Chromosome,2.9133,32.7947,chromosome:NZ_CP027101.1/CP027101.1,,4.0,2779.0,2018-02-26T00:00:00Z,ftp://ftp.ncbi.nlm.nih.gov/genomes/all/GCA/001/471/715/GCA_001471715.2_ASM147171v2,ftp://ftp.ncbi.nlm.nih.gov/genomes/all/GCF/001/471/715/GCF_001471715.2_ASM147171v2
114,GCA_001515665.1,3,11,14,Staphylococcus aureus,Bacteria;Terrabacteria group;Firmicutes,Gv51,SAMN03835466,PRJNA288680,Complete,2.99003,32.8967,chromosome:NZ_CP012015.1/CP012015.1; plasmid pGv51:NZ_CP012016.1/CP012016.1,,2.0,2802.0,2016-01-15T00:00:00Z,ftp://ftp.ncbi.nlm.nih.gov/genomes/all/GCA/001/515/665/GCA_001515665.1_ASM151566v1,ftp://ftp.ncbi.nlm.nih.gov/genomes/all/GCF/001/515/665/GCF_001515665.1_ASM151566v1
115,GCA_001515685.1,0,10,10,Staphylococcus aureus,Bacteria;Terrabacteria group;Firmicutes,Be62,SAMN03765155,PRJNA286121,Complete,3.00124,32.8971,chromosome:NZ_CP012013.1/CP012013.1; plasmid pBe62:NZ_CP012014.1/CP012014.1,,2.0,2823.0,2016-01-15T00:00:00Z,ftp://ftp.ncbi.nlm.nih.gov/genomes/all/GCA/001/515/685/GCA_001515685.1_ASM151568v1,ftp://ftp.ncbi.nlm.nih.gov/genomes/all/GCF/001/515/685/GCF_001515685.1_ASM151568v1
116,GCA_001515705.1,0,10,10,Staphylococcus aureus,Bacteria;Terrabacteria group;Firmicutes,Gv88,SAMN03835488,PRJNA288682,Complete,2.99092,32.8966,chromosome:NZ_CP012018.1/CP012018.1; plasmid pGv88:NZ_CP012017.1/CP012017.1,,2.0,2814.0,2016-01-15T00:00:00Z,ftp://ftp.ncbi.nlm.nih.gov/genomes/all/GCA/001/515/705/GCA_001515705.1_ASM151570v1,ftp://ftp.ncbi.nlm.nih.gov/genomes/all/GCF/001/515/705/GCF_001515705.1_ASM151570v1
117,GCA_001515745.1,6,11,17,Staphylococcus aureus,Bacteria;Terrabacteria group;Firmicutes,HC1340,SAMN03835492,PRJNA288685,Complete,3.04655,32.9,chromosome:NZ_CP012011.1/CP012011.1,,1.0,2894.0,2016-01-15T00:00:00Z,ftp://ftp.ncbi.nlm.nih.gov/genomes/all/GCA/001/515/745/GCA_001515745.1_ASM151574v1,ftp://ftp.ncbi.nlm.nih.gov/genomes/all/GCF/001/515/745/GCF_001515745.1_ASM151574v1
118,GCA_001515765.1,5,11,16,Staphylococcus aureus,Bacteria;Terrabacteria group;Firmicutes,HC1335,SAMN03835494,PRJNA288686,Complete,2.97637,32.9,chromosome:NZ_CP012012.1/CP012012.1,,1.0,2786.0,2016-01-15T00:00:00Z,ftp://ftp.ncbi.nlm.nih.gov/genomes/all/GCA/001/515/765/GCA_001515765.1_ASM151576v1,ftp://ftp.ncbi.nlm.nih.gov/genomes/all/GCF/001/515/765/GCF_001515765.1_ASM151576v1
119,GCA_001548295.1,23,14,37,Staphylococcus aureus,Bacteria;Terrabacteria group;Firmicutes,FDA209P,SAMD00039082,PRJDB4160,Complete,2.80322,32.8784,chromosome Unknown:NZ_AP014942.1/AP014942.1; plasmid pFDA209P:NZ_AP014943.1/AP014943.1,,2.0,2615.0,2015-09-25T00:00:00Z,ftp://ftp.ncbi.nlm.nih.gov/genomes/all/GCA/001/548/295/GCA_001548295.1_ASM154829v1,ftp://ftp.ncbi.nlm.nih.gov/genomes/all/GCF/001/548/295/GCF_001548295.1_ASM154829v1
120,GCA_001548415.1,0,10,10,Staphylococcus aureus,Bacteria;Terrabacteria group;Firmicutes,MI,SAMD00044982,PRJDB4467,Complete,2.91635,32.8347,chromosome Unknown:NZ_AP017320.1/AP017320.1; plasmid pMI:NZ_AP017321.1/AP017321.1,,2.0,2769.0,2016-01-16T00:00:00Z,ftp://ftp.ncbi.nlm.nih.gov/genomes/all/GCA/001/548/415/GCA_001548415.1_ASM154841v1,ftp://ftp.ncbi.nlm.nih.gov/genomes/all/GCF/001/548/415/GCF_001548415.1_ASM154841v1
121,GCA_001549655.1,12,13,25,Staphylococcus aureus,Bacteria;Terrabacteria group;Firmicutes,TMUS2126,SAMD00020283,PRJDB3193,Complete,2.77016,32.8,chromosome Unknown:NZ_AP014652.1/AP014652.1,,1.0,2564.0,2015-03-24T00:00:00Z,ftp://ftp.ncbi.nlm.nih.gov/genomes/all/GCA/001/549/655/GCA_001549655.1_ASM154965v1,ftp://ftp.ncbi.nlm.nih.gov/genomes/all/GCF/001/549/655/GCF_001549655.1_ASM154965v1
122,GCA_001549675.1,22,14,36,Staphylococcus aureus,Bacteria;Terrabacteria group;Firmicutes,TMUS2134,SAMD00020284,PRJDB3193,Complete,2.77016,32.8,chromosome Unknown:NZ_AP014653.1/AP014653.1,,1.0,2566.0,2015-03-24T00:00:00Z,ftp://ftp.ncbi.nlm.nih.gov/genomes/all/GCA/001/549/675/GCA_001549675.1_ASM154967v1,ftp://ftp.ncbi.nlm.nih.gov/genomes/all/GCF/001/549/675/GCF_001549675.1_ASM154967v1
123,GCA_001558795.2,0,10,10,Staphylococcus aureus,Bacteria;Terrabacteria group;Firmicutes,FDAARGOS_159,SAMN03996304,PRJNA231221,Complete,2.83918,32.8345,chromosome:NZ_CP014064.2/CP014064.2; plasmid unnamed:NZ_CP014063.1/CP014063.1,,2.0,2688.0,2016-02-11T00:00:00Z,ftp://ftp.ncbi.nlm.nih.gov/genomes/all/GCA/001/558/795/GCA_001558795.2_ASM155879v2,ftp://ftp.ncbi.nlm.nih.gov/genomes/all/GCF/001/558/795/GCF_001558795.2_ASM155879v2
124,GCA_001580495.1,24,15,39,Staphylococcus aureus,Bacteria;Terrabacteria group;Firmicutes,FORC_012,SAMN03387935,PRJNA277068,Complete,2.81542,32.9,chromosome:NZ_CP010998.1/CP010998.1,,1.0,2644.0,2016-03-07T00:00:00Z,ftp://ftp.ncbi.nlm.nih.gov/genomes/all/GCA/001/580/495/GCA_001580495.1_ASM158049v1,ftp://ftp.ncbi.nlm.nih.gov/genomes/all/GCF/001/580/495/GCF_001580495.1_ASM158049v1
125,GCA_001580515.1,0,10,10,Staphylococcus aureus,Bacteria;Terrabacteria group;Firmicutes,UTSW MRSA 55,SAMN04254471,PRJNA273427,Complete,3.03979,32.6901,chromosome:NZ_CP013231.1/CP013231.1; plasmid UTSW55_1:NZ_CP013227.1/CP013227.1; plasmid UTSW55_2:NZ_CP013228.1/CP013228.1; plasmid UTSW55_3:NZ_CP013229.1/CP013229.1; plasmid UTSW55_4:NZ_CP013230.1/CP013230.1,,5.0,2842.0,2016-03-07T00:00:00Z,ftp://ftp.ncbi.nlm.nih.gov/genomes/all/GCA/001/580/515/GCA_001580515.1_ASM158051v1,ftp://ftp.ncbi.nlm.nih.gov/genomes/all/GCF/001/580/515/GCF_001580515.1_ASM158051v1
126,GCA_001594205.1,11,12,23,Staphylococcus aureus,Bacteria;Terrabacteria group;Firmicutes,MCRF184,SAMN02953006,PRJNA39571,Complete,2.66466,32.9,chromosome:NZ_CP014791.1/CP014791.1,,1.0,2460.0,2016-03-21T00:00:00Z,ftp://ftp.ncbi.nlm.nih.gov/genomes/all/GCA/001/594/205/GCA_001594205.1_ASM159420v1,ftp://ftp.ncbi.nlm.nih.gov/genomes/all/GCF/001/594/205/GCF_001594205.1_ASM159420v1
127,GCA_001611325.1,0,10,10,Staphylococcus aureus,Bacteria;Terrabacteria group;Firmicutes,ST20130940,SAMN04166494,PRJNA298753,Complete,2.70036,32.8655,chromosome:NZ_CP012979.1/CP012979.1; plasmid pST20130940:NZ_CP012980.1/CP012980.1,,2.0,2492.0,2016-04-05T00:00:00Z,ftp://ftp.ncbi.nlm.nih.gov/genomes/all/GCA/001/611/325/GCA_001611325.1_ASM161132v1,ftp://ftp.ncbi.nlm.nih.gov/genomes/all/GCF/001/611/325/GCF_001611325.1_ASM161132v1
128,GCA_001611345.1,6,12,18,Staphylococcus aureus,Bacteria;Terrabacteria group;Firmicutes,ST20130941,SAMN04166543,PRJNA298754,Complete,2.67888,32.9,chromosome:NZ_CP012978.1/CP012978.1,,1.0,2468.0,2016-04-05T00:00:00Z,ftp://ftp.ncbi.nlm.nih.gov/genomes/all/GCA/001/611/345/GCA_001611345.1_ASM161134v1,ftp://ftp.ncbi.nlm.nih.gov/genomes/all/GCF/001/611/345/GCF_001611345.1_ASM161134v1
129,GCA_001611365.1,5,14,19,Staphylococcus aureus,Bacteria;Terrabacteria group;Firmicutes,ST20130942,SAMN04166544,PRJNA298756,Complete,2.76713,32.7725,chromosome:NZ_CP012976.1/CP012976.1; plasmid pST20130942:NZ_CP012977.1/CP012977.1,,2.0,2591.0,2016-04-05T00:00:00Z,ftp://ftp.ncbi.nlm.nih.gov/genomes/all/GCA/001/611/365/GCA_001611365.1_ASM161136v1,ftp://ftp.ncbi.nlm.nih.gov/genomes/all/GCF/001/611/365/GCF_001611365.1_ASM161136v1
130,GCA_001611385.1,23,14,37,Staphylococcus aureus,Bacteria;Terrabacteria group;Firmicutes,ST20130943,SAMN04166545,PRJNA298761,Complete,2.7672,32.7725,chromosome:NZ_CP012974.1/CP012974.1; plasmid pST20130943:NZ_CP012975.1/CP012975.1,,2.0,2589.0,2016-04-05T00:00:00Z,ftp://ftp.ncbi.nlm.nih.gov/genomes/all/GCA/001/611/385/GCA_001611385.1_ASM161138v1,ftp://ftp.ncbi.nlm.nih.gov/genomes/all/GCF/001/611/385/GCF_001611385.1_ASM161138v1
131,GCA_001611405.1,11,14,25,Staphylococcus aureus,Bacteria;Terrabacteria group;Firmicutes,ST20130938,SAMN04166246,PRJNA298722,Complete,2.74688,32.8662,chromosome:NZ_CP012972.1/CP012972.1; plasmid pST20130938:NZ_CP012973.1/CP012973.1,,2.0,2566.0,2016-04-05T00:00:00Z,ftp://ftp.ncbi.nlm.nih.gov/genomes/all/GCA/001/611/405/GCA_001611405.1_ASM161140v1,ftp://ftp.ncbi.nlm.nih.gov/genomes/all/GCF/001/611/405/GCF_001611405.1_ASM161140v1
132,GCA_001611425.1,6,11,17,Staphylococcus aureus,Bacteria;Terrabacteria group;Firmicutes,ST20130939,SAMN04166389,PRJNA298748,Complete,2.74683,32.8662,chromosome:NZ_CP012970.1/CP012970.1; plasmid pST20130939:NZ_CP012971.1/CP012971.1,,2.0,2563.0,2016-04-05T00:00:00Z,ftp://ftp.ncbi.nlm.nih.gov/genomes/all/GCA/001/611/425/GCA_001611425.1_ASM161142v1,ftp://ftp.ncbi.nlm.nih.gov/genomes/all/GCF/001/611/425/GCF_001611425.1_ASM161142v1
133,GCA_001618305.1,11,13,24,Staphylococcus aureus,Bacteria;Terrabacteria group;Firmicutes,RIVM6519,SAMN04590098,PRJNA317948,Complete,2.79346,32.8988,chromosome:NZ_CP015173.1/CP015173.1; plasmid pRIVM6519-1:NZ_CP015174.1/CP015174.1; plasmid pRIVM6519-2:NZ_CP015175.1/CP015175.1,,3.0,2636.0,2016-04-11T00:00:00Z,ftp://ftp.ncbi.nlm.nih.gov/genomes/all/GCA/001/618/305/GCA_001618305.1_ASM161830v1,ftp://ftp.ncbi.nlm.nih.gov/genomes/all/GCF/001/618/305/GCF_001618305.1_ASM161830v1
134,GCA_001640885.1,9,11,20,Staphylococcus aureus,Bacteria;Terrabacteria group;Firmicutes,ZJ5499,SAMN03742530,PRJNA285271,Complete,2.84809,32.8,chromosome:NZ_CP011685.1/CP011685.1,,1.0,2689.0,2016-05-09T00:00:00Z,ftp://ftp.ncbi.nlm.nih.gov/genomes/all/GCA/001/640/885/GCA_001640885.1_ASM164088v1,ftp://ftp.ncbi.nlm.nih.gov/genomes/all/GCF/001/640/885/GCF_001640885.1_ASM164088v1
135,GCA_001640905.1,21,14,35,Staphylococcus aureus,Bacteria;Terrabacteria group;Firmicutes,NCCP14558,SAMN04219574,PRJNA300829,Complete,2.97988,32.9643,chromosome:NZ_CP013953.1/CP013953.1; plasmid pNCCP14558:NZ_CP013954.1/CP013954.1,,2.0,2802.0,2016-05-09T00:00:00Z,ftp://ftp.ncbi.nlm.nih.gov/genomes/all/GCA/001/640/905/GCA_001640905.1_ASM164090v1,ftp://ftp.ncbi.nlm.nih.gov/genomes/all/GCF/001/640/905/GCF_001640905.1_ASM164090v1
136,GCA_001640925.1,0,10,10,Staphylococcus aureus,Bacteria;Terrabacteria group;Firmicutes,NCCP14562,SAMN03955396,PRJNA300829,Complete,2.9356,32.8647,chromosome:NZ_CP013955.1/CP013955.1; plasmid pNCCP14562:NZ_CP013956.1/CP013956.1,,2.0,2750.0,2016-05-09T00:00:00Z,ftp://ftp.ncbi.nlm.nih.gov/genomes/all/GCA/001/640/925/GCA_001640925.1_ASM164092v1,ftp://ftp.ncbi.nlm.nih.gov/genomes/all/GCF/001/640/925/GCF_001640925.1_ASM164092v1
137,GCA_001641025.1,24,15,39,Staphylococcus aureus,Bacteria;Terrabacteria group;Firmicutes,V521,SAMN04219577,PRJNA300829,Complete,3.11428,32.8028,chromosome:NZ_CP013957.1/CP013957.1; plasmid pV521:NZ_CP013958.1/CP013958.1,,2.0,2960.0,2016-05-09T00:00:00Z,ftp://ftp.ncbi.nlm.nih.gov/genomes/all/GCA/001/641/025/GCA_001641025.1_ASM164102v1,ftp://ftp.ncbi.nlm.nih.gov/genomes/all/GCF/001/641/025/GCF_001641025.1_ASM164102v1
138,GCA_001656045.1,21,13,34,Staphylococcus aureus,Bacteria;Terrabacteria group;Firmicutes,08-02119,SAMN04939716,PRJNA321000,Complete,2.79689,32.9,chromosome:NZ_CP015645.1/CP015645.1,,1.0,2636.0,2016-06-03T00:00:00Z,ftp://ftp.ncbi.nlm.nih.gov/genomes/all/GCA/001/656/045/GCA_001656045.1_ASM165604v1,ftp://ftp.ncbi.nlm.nih.gov/genomes/all/GCF/001/656/045/GCF_001656045.1_ASM165604v1
139,GCA_001656075.1,11,14,25,Staphylococcus aureus,Bacteria;Terrabacteria group;Firmicutes,08-02300,SAMN04939717,PRJNA321000,Complete,2.74281,32.9,chromosome:NZ_CP015646.1/CP015646.1,,1.0,2552.0,2016-06-03T00:00:00Z,ftp://ftp.ncbi.nlm.nih.gov/genomes/all/GCA/001/656/075/GCA_001656075.1_ASM165607v1,ftp://ftp.ncbi.nlm.nih.gov/genomes/all/GCF/001/656/075/GCF_001656075.1_ASM165607v1
140,GCA_001717665.1,5,11,16,,,,,,,,,,,,,,,
141,GCA_001717685.1,5,11,16,,,,,,,,,,,,,,,
142,GCA_001717705.1,11,15,26,,,,,,,,,,,,,,,
143,GCA_001717725.1,7,13,20,,,,,,,,,,,,,,,
144,GCA_001717975.2,8,14,22,,,,,,,,,,,,,,,
145,GCA_001725965.1,10,12,22,Staphylococcus aureus,Bacteria;Terrabacteria group;Firmicutes,FORC_027,SAMN04046233,PRJNA295337,Complete,2.90338,32.9,chromosome:NZ_CP012692.1/CP012692.1,,1.0,2762.0,2016-09-14T00:00:00Z,ftp://ftp.ncbi.nlm.nih.gov/genomes/all/GCA/001/725/965/GCA_001725965.1_ASM172596v1,ftp://ftp.ncbi.nlm.nih.gov/genomes/all/GCF/001/725/965/GCF_001725965.1_ASM172596v1
146,GCA_001735655.2,10,12,22,Staphylococcus aureus,Bacteria;Terrabacteria group;Firmicutes,3020.C01,SAMN04966146,PRJNA321117,Complete,2.92994,32.6566,chromosome:NZ_CP025495.1/CP025495.1; plasmid p3020.C01_A:NZ_CP025496.1/; plasmid p3020.C01a:CP025496.1; plasmid p3020.C01_B:NZ_CP025497.1/; plasmid p3020.C01b:CP025497.1,,3.0,2848.0,2017-12-19T00:00:00Z,ftp://ftp.ncbi.nlm.nih.gov/genomes/all/GCA/001/735/655/GCA_001735655.2_ASM173565v2,ftp://ftp.ncbi.nlm.nih.gov/genomes/all/GCF/001/735/655/GCF_001735655.2_ASM173565v2
147,GCA_001879545.1,21,16,37,Staphylococcus aureus,Bacteria;Terrabacteria group;Firmicutes,FORC_026,SAMN04243988,PRJNA301211,Complete,2.71926,32.8,chromosome:NZ_CP013132.1/CP013132.1,,1.0,2501.0,2016-11-16T00:00:00Z,ftp://ftp.ncbi.nlm.nih.gov/genomes/all/GCA/001/879/545/GCA_001879545.1_ASM187954v1,ftp://ftp.ncbi.nlm.nih.gov/genomes/all/GCF/001/879/545/GCF_001879545.1_ASM187954v1
148,GCA_001880265.1,7,15,22,Staphylococcus aureus,Bacteria;Terrabacteria group;Firmicutes,SA40TW,SAMN04263915,PRJNA302097,Complete,2.77185,32.9,chromosome:NZ_CP013182.1/CP013182.1,,1.0,2509.0,2016-11-17T00:00:00Z,ftp://ftp.ncbi.nlm.nih.gov/genomes/all/GCA/001/880/265/GCA_001880265.1_ASM188026v1,ftp://ftp.ncbi.nlm.nih.gov/genomes/all/GCF/001/880/265/GCF_001880265.1_ASM188026v1
149,GCA_001887075.1,7,14,21,Staphylococcus aureus,Bacteria;Terrabacteria group;Firmicutes,LA-MRSA ST398,SAMN04276964,PRJNA302644,Complete,2.8414,32.997,chromosome:NZ_CP013218.1/CP013218.1; plasmid paadD:NZ_CP014695.1/CP014695.1; plasmid plinE154:NZ_CP014694.1/CP014694.1,,3.0,2654.0,2016-11-28T00:00:00Z,ftp://ftp.ncbi.nlm.nih.gov/genomes/all/GCA/001/887/075/GCA_001887075.1_ASM188707v1,ftp://ftp.ncbi.nlm.nih.gov/genomes/all/GCF/001/887/075/GCF_001887075.1_ASM188707v1
150,GCA_001900185.1,25,13,38,Staphylococcus aureus,Bacteria;Terrabacteria group;Firmicutes,HG001,SAMN06062108,PRJNA355085,Complete,2.81977,32.9,chromosome:NZ_CP018205.1/CP018205.1,,1.0,2717.0,2016-12-12T00:00:00Z,ftp://ftp.ncbi.nlm.nih.gov/genomes/all/GCA/001/900/185/GCA_001900185.1_ASM190018v1,ftp://ftp.ncbi.nlm.nih.gov/genomes/all/GCF/001/900/185/GCF_001900185.1_ASM190018v1
151,GCA_001956755.1,13,17,30,Staphylococcus aureus,Bacteria;Terrabacteria group;Firmicutes,SJTUF_J27,SAMN06200256,PRJNA353940,Complete,2.80476,32.9,chromosome:NZ_CP019117.1/CP019117.1,,1.0,2604.0,2017-01-18T00:00:00Z,ftp://ftp.ncbi.nlm.nih.gov/genomes/all/GCA/001/956/755/GCA_001956755.1_ASM195675v1,ftp://ftp.ncbi.nlm.nih.gov/genomes/all/GCF/001/956/755/GCF_001956755.1_ASM195675v1
152,GCA_001956815.1,22,13,35,Staphylococcus aureus,Bacteria;Terrabacteria group;Firmicutes,USA300_SUR1,SAMN06238073,PRJNA260675,Complete,2.93497,32.7744,chromosome:NZ_CP009423.1/CP009423.1; plasmid pSUR1A:NZ_CP009424.1/CP009424.1; plasmid pSUR1B:NZ_CP009425.1/CP009425.1,,3.0,2812.0,2017-01-18T00:00:00Z,ftp://ftp.ncbi.nlm.nih.gov/genomes/all/GCA/001/956/815/GCA_001956815.1_ASM195681v1,ftp://ftp.ncbi.nlm.nih.gov/genomes/all/GCF/001/956/815/GCF_001956815.1_ASM195681v1
153,GCA_001975005.1,11,13,24,Staphylococcus aureus,Bacteria;Terrabacteria group;Firmicutes,UCI62,SAMN06046111,PRJNA354450,Complete,2.92724,32.8789,chromosome:NZ_CP018766.1/CP018766.1; plasmid pUCI62:NZ_CP018767.1/CP018767.1,,2.0,2772.0,2017-01-30T00:00:00Z,ftp://ftp.ncbi.nlm.nih.gov/genomes/all/GCA/001/975/005/GCA_001975005.1_ASM197500v1,ftp://ftp.ncbi.nlm.nih.gov/genomes/all/GCF/001/975/005/GCF_001975005.1_ASM197500v1
154,GCA_001975045.1,11,13,24,Staphylococcus aureus,Bacteria;Terrabacteria group;Firmicutes,UCI 28,SAMN06046106,PRJNA354449,Complete,2.86258,32.8457,chromosome:NZ_CP018768.1/CP018768.1; plasmid pUCI28:NZ_CP018769.1/CP018769.1,,2.0,2688.0,2017-01-30T00:00:00Z,ftp://ftp.ncbi.nlm.nih.gov/genomes/all/GCA/001/975/045/GCA_001975045.1_ASM197504v1,ftp://ftp.ncbi.nlm.nih.gov/genomes/all/GCF/001/975/045/GCF_001975045.1_ASM197504v1
155,GCA_001986135.1,13,13,26,Staphylococcus aureus,Bacteria;Terrabacteria group;Firmicutes,SR434,SAMN06277866,PRJNA369164,Complete,2.83971,32.8599,chromosome:NZ_CP019563.1/CP019563.1; plasmid pSR01:NZ_CP019564.1/CP019564.1; plasmid pSR02:NZ_CP019565.1/CP019565.1; plasmid pSR03:NZ_CP019566.1/CP019566.1; plasmid pSR04:NZ_CP019567.1/CP019567.1,,5.0,2695.0,2017-02-06T00:00:00Z,ftp://ftp.ncbi.nlm.nih.gov/genomes/all/GCA/001/986/135/GCA_001986135.1_ASM198613v1,ftp://ftp.ncbi.nlm.nih.gov/genomes/all/GCF/001/986/135/GCF_001986135.1_ASM198613v1
156,GCA_002000565.1,6,11,17,Staphylococcus aureus,Bacteria;Terrabacteria group;Firmicutes,USA300-SUR9,SAMN04497603,PRJNA312385,Complete,2.95398,32.7737,chromosome:NZ_CP014392.1/CP014392.1; plasmid pUSA01-1-SUR9:NZ_CP014393.1/CP014393.1; plasmid pUSA04-2-SUR9:NZ_CP014394.1/CP014394.1; plasmid pUSA05-1-SUR9:NZ_CP014395.1/CP014395.1; plasmid pUSA06-1-SUR9:NZ_CP014396.1/CP014396.1,,5.0,2829.0,2017-02-16T00:00:00Z,ftp://ftp.ncbi.nlm.nih.gov/genomes/all/GCA/002/000/565/GCA_002000565.1_ASM200056v1,ftp://ftp.ncbi.nlm.nih.gov/genomes/all/GCF/002/000/565/GCF_002000565.1_ASM200056v1
157,GCA_002000585.1,12,14,26,Staphylococcus aureus,Bacteria;Terrabacteria group;Firmicutes,USA300-SUR10,SAMN04497604,PRJNA312385,Complete,2.95398,32.7737,chromosome:NZ_CP014397.1/CP014397.1; plasmid pUSA01-1-SUR10:NZ_CP014398.1/CP014398.1; plasmid pUSA04-2-SUR10:NZ_CP014399.1/CP014399.1; plasmid pUSA05-1-SUR10:NZ_CP014400.1/CP014400.1; plasmid pUSA06-1-SUR10:NZ_CP014401.1/CP014401.1,,5.0,2828.0,2017-02-16T00:00:00Z,ftp://ftp.ncbi.nlm.nih.gov/genomes/all/GCA/002/000/585/GCA_002000585.1_ASM200058v1,ftp://ftp.ncbi.nlm.nih.gov/genomes/all/GCF/002/000/585/GCF_002000585.1_ASM200058v1
158,GCA_002000605.1,7,12,19,Staphylococcus aureus,Bacteria;Terrabacteria group;Firmicutes,USA300-SUR11,SAMN04497605,PRJNA312385,Complete,2.95398,32.7737,chromosome:NZ_CP014402.1/CP014402.1; plasmid pUSA01-1-SUR11:NZ_CP014403.1/CP014403.1; plasmid pUSA04-2-SUR11:NZ_CP014404.1/CP014404.1; plasmid pUSA05-1-SUR11:NZ_CP014405.1/CP014405.1; plasmid pUSA06-1-SUR11:NZ_CP014406.1/CP014406.1,,5.0,2828.0,2017-02-16T00:00:00Z,ftp://ftp.ncbi.nlm.nih.gov/genomes/all/GCA/002/000/605/GCA_002000605.1_ASM200060v1,ftp://ftp.ncbi.nlm.nih.gov/genomes/all/GCF/002/000/605/GCF_002000605.1_ASM200060v1
159,GCA_002000625.1,10,12,22,Staphylococcus aureus,Bacteria;Terrabacteria group;Firmicutes,USA300-SUR12,SAMN04497606,PRJNA312385,Complete,2.90342,32.7785,chromosome:NZ_CP014407.1/CP014407.1; plasmid pUSA04-1-SUR12:NZ_CP014408.1/CP014408.1,,2.0,2757.0,2017-02-16T00:00:00Z,ftp://ftp.ncbi.nlm.nih.gov/genomes/all/GCA/002/000/625/GCA_002000625.1_ASM200062v1,ftp://ftp.ncbi.nlm.nih.gov/genomes/all/GCF/002/000/625/GCF_002000625.1_ASM200062v1
160,GCA_002000645.1,6,13,19,Staphylococcus aureus,Bacteria;Terrabacteria group;Firmicutes,USA300-SUR13,SAMN04497607,PRJNA312385,Complete,2.94991,32.7746,chromosome:NZ_CP014409.1/CP014409.1; plasmid pUSA01-1-SUR13:NZ_CP014410.1/CP014410.1; plasmid pUSA04-1-SUR13:NZ_CP014411.1/CP014411.1,,3.0,2830.0,2017-02-16T00:00:00Z,ftp://ftp.ncbi.nlm.nih.gov/genomes/all/GCA/002/000/645/GCA_002000645.1_ASM200064v1,ftp://ftp.ncbi.nlm.nih.gov/genomes/all/GCF/002/000/645/GCF_002000645.1_ASM200064v1
161,GCA_002000665.1,6,12,18,Staphylococcus aureus,Bacteria;Terrabacteria group;Firmicutes,USA300-SUR14,SAMN04497608,PRJNA312385,Complete,2.95002,32.7746,chromosome:NZ_CP014412.1/CP014412.1; plasmid pUSA01-1-SUR14:NZ_CP014413.1/CP014413.1; plasmid pUSA04-1-SUR14:NZ_CP014414.1/CP014414.1,,3.0,2830.0,2017-02-16T00:00:00Z,ftp://ftp.ncbi.nlm.nih.gov/genomes/all/GCA/002/000/665/GCA_002000665.1_ASM200066v1,ftp://ftp.ncbi.nlm.nih.gov/genomes/all/GCF/002/000/665/GCF_002000665.1_ASM200066v1
162,GCA_002000685.1,13,16,29,Staphylococcus aureus,Bacteria;Terrabacteria group;Firmicutes,USA300-SUR15,SAMN04497609,PRJNA312385,Complete,2.98509,32.7166,chromosome:NZ_CP014415.1/CP014415.1; plasmid pUSA04-1-SUR15:NZ_CP014416.1/CP014416.1; plasmid pUSA05-1-SUR15:NZ_CP014417.1/CP014417.1; plasmid pUSA07-1-SUR15:NZ_CP014418.1/CP014418.1; plasmid pUSA08-1-SUR15:NZ_CP014419.1/CP014419.1,,5.0,2864.0,2017-02-16T00:00:00Z,ftp://ftp.ncbi.nlm.nih.gov/genomes/all/GCA/002/000/685/GCA_002000685.1_ASM200068v1,ftp://ftp.ncbi.nlm.nih.gov/genomes/all/GCF/002/000/685/GCF_002000685.1_ASM200068v1
163,GCA_002000705.1,3,13,16,Staphylococcus aureus,Bacteria;Terrabacteria group;Firmicutes,USA300-SUR16,SAMN04497610,PRJNA312385,Complete,2.95002,32.7746,chromosome:NZ_CP014420.1/CP014420.1; plasmid pUSA01-1-SUR16:NZ_CP014421.1/CP014421.1; plasmid pUSA04-1-SUR16:NZ_CP014422.1/CP014422.1,,3.0,2830.0,2017-02-16T00:00:00Z,ftp://ftp.ncbi.nlm.nih.gov/genomes/all/GCA/002/000/705/GCA_002000705.1_ASM200070v1,ftp://ftp.ncbi.nlm.nih.gov/genomes/all/GCF/002/000/705/GCF_002000705.1_ASM200070v1
164,GCA_002000725.1,8,10,18,Staphylococcus aureus,Bacteria;Terrabacteria group;Firmicutes,USA300-SUR17,SAMN04497611,PRJNA312385,Complete,2.95002,32.7746,chromosome:NZ_CP014423.1/CP014423.1; plasmid pUSA01-1-SUR17:NZ_CP014424.1/CP014424.1; plasmid pUSA04-1-SUR17:NZ_CP014425.1/CP014425.1,,3.0,2832.0,2017-02-16T00:00:00Z,ftp://ftp.ncbi.nlm.nih.gov/genomes/all/GCA/002/000/725/GCA_002000725.1_ASM200072v1,ftp://ftp.ncbi.nlm.nih.gov/genomes/all/GCF/002/000/725/GCF_002000725.1_ASM200072v1
165,GCA_002000745.1,21,12,33,Staphylococcus aureus,Bacteria;Terrabacteria group;Firmicutes,USA300-SUR18,SAMN04497612,PRJNA312385,Complete,2.95002,32.7746,chromosome:NZ_CP014426.1/CP014426.1; plasmid pUSA01-1-SUR18:NZ_CP014427.1/CP014427.1; plasmid pUSA04-1-SUR18:NZ_CP014428.1/CP014428.1,,3.0,2830.0,2017-02-16T00:00:00Z,ftp://ftp.ncbi.nlm.nih.gov/genomes/all/GCA/002/000/745/GCA_002000745.1_ASM200074v1,ftp://ftp.ncbi.nlm.nih.gov/genomes/all/GCF/002/000/745/GCF_002000745.1_ASM200074v1
166,GCA_002000765.1,11,12,23,Staphylococcus aureus,Bacteria;Terrabacteria group;Firmicutes,USA300-SUR19,SAMN04497613,PRJNA312385,Complete,2.95002,32.7746,chromosome:NZ_CP014429.1/CP014429.1; plasmid pUSA01-1-SUR19:NZ_CP014430.1/CP014430.1; plasmid pUSA04-1-SUR19:NZ_CP014431.1/CP014431.1,,3.0,2831.0,2017-02-16T00:00:00Z,ftp://ftp.ncbi.nlm.nih.gov/genomes/all/GCA/002/000/765/GCA_002000765.1_ASM200076v1,ftp://ftp.ncbi.nlm.nih.gov/genomes/all/GCF/002/000/765/GCF_002000765.1_ASM200076v1
167,GCA_002000785.1,21,17,38,Staphylococcus aureus,Bacteria;Terrabacteria group;Firmicutes,USA300-SUR20,SAMN04497614,PRJNA312385,Complete,2.94564,32.7745,chromosome:NZ_CP014432.1/CP014432.1; plasmid pUSA01-1-SUR20:NZ_CP014433.1/CP014433.1; plasmid pUSA04-1-SUR20:NZ_CP014434.1/CP014434.1,,3.0,2818.0,2017-02-16T00:00:00Z,ftp://ftp.ncbi.nlm.nih.gov/genomes/all/GCA/002/000/785/GCA_002000785.1_ASM200078v1,ftp://ftp.ncbi.nlm.nih.gov/genomes/all/GCF/002/000/785/GCF_002000785.1_ASM200078v1
168,GCA_002000805.1,10,12,22,Staphylococcus aureus,Bacteria;Terrabacteria group;Firmicutes,USA300-SUR21,SAMN04497615,PRJNA312385,Complete,2.94991,32.7746,chromosome:NZ_CP014435.1/CP014435.1; plasmid pUSA01-1-SUR21:NZ_CP014436.1/CP014436.1; plasmid pUSA04-1-SUR21:NZ_CP014437.1/CP014437.1,,3.0,2829.0,2017-02-16T00:00:00Z,ftp://ftp.ncbi.nlm.nih.gov/genomes/all/GCA/002/000/805/GCA_002000805.1_ASM200080v1,ftp://ftp.ncbi.nlm.nih.gov/genomes/all/GCF/002/000/805/GCF_002000805.1_ASM200080v1
169,GCA_002000825.1,14,16,30,Staphylococcus aureus,Bacteria;Terrabacteria group;Firmicutes,USA300-SUR22,SAMN04497616,PRJNA312385,Complete,2.94564,32.7745,chromosome:NZ_CP014438.1/CP014438.1; plasmid pUSA01-1-SUR22:NZ_CP014439.1/CP014439.1; plasmid pUSA04-1-SUR22:NZ_CP014440.1/CP014440.1,,3.0,2819.0,2017-02-16T00:00:00Z,ftp://ftp.ncbi.nlm.nih.gov/genomes/all/GCA/002/000/825/GCA_002000825.1_ASM200082v1,ftp://ftp.ncbi.nlm.nih.gov/genomes/all/GCF/002/000/825/GCF_002000825.1_ASM200082v1
170,GCA_002000845.1,12,16,28,Staphylococcus aureus,Bacteria;Terrabacteria group;Firmicutes,USA300-SUR23,SAMN04497617,PRJNA312385,Complete,2.94564,32.7745,chromosome:NZ_CP014441.1/CP014441.1; plasmid pUSA01-1-SUR23:NZ_CP014442.1/CP014442.1; plasmid pUSA04-1-SUR23:NZ_CP014443.1/CP014443.1,,3.0,2819.0,2017-02-16T00:00:00Z,ftp://ftp.ncbi.nlm.nih.gov/genomes/all/GCA/002/000/845/GCA_002000845.1_ASM200084v1,ftp://ftp.ncbi.nlm.nih.gov/genomes/all/GCF/002/000/845/GCF_002000845.1_ASM200084v1
171,GCA_002000865.1,7,11,18,Staphylococcus aureus,Bacteria;Terrabacteria group;Firmicutes,USA300-SUR24,SAMN04497618,PRJNA312385,Complete,2.98509,32.7166,chromosome:NZ_CP014444.1/CP014444.1; plasmid pUSA04-1-SUR24:NZ_CP014445.1/CP014445.1; plasmid pUSA05-1-SUR24:NZ_CP014446.1/CP014446.1; plasmid pUSA07-1-SUR24:NZ_CP014447.1/CP014447.1; plasmid pUSA08-1-SUR24:NZ_CP014448.1/CP014448.1,,5.0,2864.0,2017-02-16T00:00:00Z,ftp://ftp.ncbi.nlm.nih.gov/genomes/all/GCA/002/000/865/GCA_002000865.1_ASM200086v1,ftp://ftp.ncbi.nlm.nih.gov/genomes/all/GCF/002/000/865/GCF_002000865.1_ASM200086v1
172,GCA_002025125.1,11,13,24,Staphylococcus aureus,Bacteria;Terrabacteria group;Firmicutes,08S00974,SAMN06480668,PRJNA378150,Complete,2.8027,32.9,chromosome:NZ_CP020019.1/CP020019.1,,1.0,2581.0,2017-03-13T00:00:00Z,ftp://ftp.ncbi.nlm.nih.gov/genomes/all/GCA/002/025/125/GCA_002025125.1_ASM202512v1,ftp://ftp.ncbi.nlm.nih.gov/genomes/all/GCF/002/025/125/GCF_002025125.1_ASM202512v1
173,GCA_002025145.1,5,12,17,Staphylococcus aureus,Bacteria;Terrabacteria group;Firmicutes,ATCC 6538,SAMN06480665,PRJNA378149,Complete,2.80061,32.8783,chromosome:NZ_CP020020.1/CP020020.1; plasmid unnamed1:NZ_CP020021.1/CP020021.1,,2.0,2615.0,2017-03-13T00:00:00Z,ftp://ftp.ncbi.nlm.nih.gov/genomes/all/GCA/002/025/145/GCA_002025145.1_ASM202514v1,ftp://ftp.ncbi.nlm.nih.gov/genomes/all/GCF/002/025/145/GCF_002025145.1_ASM202514v1
174,GCA_002085525.1,15,19,34,Staphylococcus aureus,Bacteria;Terrabacteria group;Firmicutes,JE2,SAMN06677988,PRJNA381486,Complete,2.8744,32.8,chromosome:NZ_CP020619.1/CP020619.1,,1.0,2725.0,2017-04-11T00:00:00Z,ftp://ftp.ncbi.nlm.nih.gov/genomes/all/GCA/002/085/525/GCA_002085525.1_ASM208552v1,ftp://ftp.ncbi.nlm.nih.gov/genomes/all/GCF/002/085/525/GCF_002085525.1_ASM208552v1
175,GCA_002088995.1,6,13,19,Staphylococcus aureus,Bacteria;Terrabacteria group;Firmicutes,C2406,SAMN05860146,PRJNA345240,Complete,2.87885,32.8,chromosome:NZ_CP019590.1/CP019590.1,,1.0,2732.0,2017-04-13T00:00:00Z,ftp://ftp.ncbi.nlm.nih.gov/genomes/all/GCA/002/088/995/GCA_002088995.1_ASM208899v1,ftp://ftp.ncbi.nlm.nih.gov/genomes/all/GCF/002/088/995/GCF_002088995.1_ASM208899v1
176,GCA_002089035.1,6,12,18,,,,,,,,,,,,,,,
177,GCA_002089055.1,24,12,36,Staphylococcus aureus,Bacteria;Terrabacteria group;Firmicutes,GD5,SAMN06274061,PRJNA368923,Complete,2.78475,32.9,chromosome:NZ_CP019592.1/CP019592.1,,1.0,2548.0,2017-04-13T00:00:00Z,ftp://ftp.ncbi.nlm.nih.gov/genomes/all/GCA/002/089/055/GCA_002089055.1_ASM208905v1,ftp://ftp.ncbi.nlm.nih.gov/genomes/all/GCF/002/089/055/GCF_002089055.1_ASM208905v1
178,GCA_002089075.1,10,13,23,,,,,,,,,,,,,,,
179,GCA_002089095.1,7,12,19,,,,,,,,,,,,,,,
180,GCA_002089115.1,14,12,26,,,,,,,,,,,,,,,
181,GCA_002097595.1,23,15,38,,,,,,,,,,,,,,,
182,GCA_002140115.1,1,11,12,Staphylococcus aureus,Bacteria;Terrabacteria group;Firmicutes,FORC_039,SAMN04995068,PRJNA321478,Complete,2.83344,32.8688,chromosome:NZ_CP015817.1/CP015817.1; plasmid unnamed:NZ_CP015818.1/CP015818.1,,2.0,2662.0,2017-05-16T00:00:00Z,ftp://ftp.ncbi.nlm.nih.gov/genomes/all/GCA/002/140/115/GCA_002140115.1_ASM214011v1,ftp://ftp.ncbi.nlm.nih.gov/genomes/all/GCF/002/140/115/GCF_002140115.1_ASM214011v1
183,GCA_002202075.1,0,11,11,Staphylococcus aureus,Bacteria;Terrabacteria group;Firmicutes,Seattle 1945,SAMN07212543,PRJNA390063,Complete,2.80635,32.8784,chromosome:NZ_CP021905.1/CP021905.1; plasmid pG477:NZ_CP021906.1/CP021906.1,,2.0,2611.0,2017-06-20T00:00:00Z,ftp://ftp.ncbi.nlm.nih.gov/genomes/all/GCA/002/202/075/GCA_002202075.1_ASM220207v1,ftp://ftp.ncbi.nlm.nih.gov/genomes/all/GCF/002/202/075/GCF_002202075.1_ASM220207v1
184,GCA_002202095.1,0,10,10,Staphylococcus aureus,Bacteria;Terrabacteria group;Firmicutes,Seattle 1945,SAMN07212544,PRJNA390063,Complete,2.8197,32.8786,chromosome:NZ_CP021907.1/CP021907.1; plasmid pG478:NZ_CP021908.1/CP021908.1,,2.0,2626.0,2017-06-20T00:00:00Z,ftp://ftp.ncbi.nlm.nih.gov/genomes/all/GCA/002/202/095/GCA_002202095.1_ASM220209v1,ftp://ftp.ncbi.nlm.nih.gov/genomes/all/GCF/002/202/095/GCF_002202095.1_ASM220209v1
185,GCA_002204555.1,0,11,11,Staphylococcus aureus,Bacteria;Terrabacteria group;Firmicutes,ISU935,SAMN04571767,PRJNA315882,Complete,2.86151,32.9,chromosome:NZ_CP017090.1/CP017090.1,,1.0,2679.0,2017-06-21T00:00:00Z,ftp://ftp.ncbi.nlm.nih.gov/genomes/all/GCA/002/204/555/GCA_002204555.1_ASM220455v1,ftp://ftp.ncbi.nlm.nih.gov/genomes/all/GCF/002/204/555/GCF_002204555.1_ASM220455v1
186,GCA_002204575.1,22,14,36,Staphylococcus aureus,Bacteria;Terrabacteria group;Firmicutes,ISU926,SAMN04571756,PRJNA315880,Complete,2.83343,33.0,chromosome:NZ_CP017091.1/CP017091.1,,1.0,2634.0,2017-06-21T00:00:00Z,ftp://ftp.ncbi.nlm.nih.gov/genomes/all/GCA/002/204/575/GCA_002204575.1_ASM220457v1,ftp://ftp.ncbi.nlm.nih.gov/genomes/all/GCF/002/204/575/GCF_002204575.1_ASM220457v1
187,GCA_002209325.1,11,12,23,Staphylococcus aureus,Bacteria;Terrabacteria group;Firmicutes,FORC_045,SAMN05520967,PRJNA338099,Complete,2.80717,32.8,chromosome:NZ_CP017115.1/CP017115.1,,1.0,2616.0,2017-06-27T00:00:00Z,ftp://ftp.ncbi.nlm.nih.gov/genomes/all/GCA/002/209/325/GCA_002209325.1_ASM220932v1,ftp://ftp.ncbi.nlm.nih.gov/genomes/all/GCF/002/209/325/GCF_002209325.1_ASM220932v1
188,GCA_002214665.1,9,10,19,Staphylococcus aureus,Bacteria;Terrabacteria group;Firmicutes,FORC_040,SAMN05292960,PRJNA326817,Complete,2.76496,32.7943,chromosome:NZ_CP016398.1/CP016398.1; plasmid unnamed1:NZ_CP016399.1/CP016399.1,,2.0,2573.0,2017-07-05T00:00:00Z,ftp://ftp.ncbi.nlm.nih.gov/genomes/all/GCA/002/214/665/GCA_002214665.1_ASM221466v1,ftp://ftp.ncbi.nlm.nih.gov/genomes/all/GCF/002/214/665/GCF_002214665.1_ASM221466v1
189,GCA_002310395.1,11,13,24,Staphylococcus aureus,Bacteria;Terrabacteria group;Firmicutes,Newman_D2C,SAMN07629847,PRJNA406184,Complete,2.8789,32.9,chromosome:NZ_CP023391.1/CP023391.1,,1.0,2788.0,2017-09-18T00:00:00Z,ftp://ftp.ncbi.nlm.nih.gov/genomes/all/GCA/002/310/395/GCA_002310395.1_ASM231039v1,ftp://ftp.ncbi.nlm.nih.gov/genomes/all/GCF/002/310/395/GCF_002310395.1_ASM231039v1
190,GCA_002310435.1,0,10,10,Staphylococcus aureus subsp. aureus str. Newman,Bacteria;Terrabacteria group;Firmicutes,NYU_Newman,SAMN07629846,PRJNA406184,Complete,2.8789,32.9,chromosome:NZ_CP023390.1/CP023390.1,,1.0,2791.0,2017-09-18T00:00:00Z,ftp://ftp.ncbi.nlm.nih.gov/genomes/all/GCA/002/310/435/GCA_002310435.1_ASM231043v1,ftp://ftp.ncbi.nlm.nih.gov/genomes/all/GCF/002/310/435/GCF_002310435.1_ASM231043v1
191,GCA_002355355.1,11,12,23,Staphylococcus aureus,Bacteria;Terrabacteria group;Firmicutes,OC8,SAMD00043228,PRJDB4364,Complete,2.89711,32.9,chromosome:NZ_AP017377.1/AP017377.1,,1.0,2768.0,2016-10-18T23:17:00Z,ftp://ftp.ncbi.nlm.nih.gov/genomes/all/GCA/002/355/355/GCA_002355355.1_ASM235535v1,ftp://ftp.ncbi.nlm.nih.gov/genomes/all/GCF/002/355/355/GCF_002355355.1_ASM235535v1
192,GCA_002356655.1,26,15,41,Staphylococcus aureus,Bacteria;Terrabacteria group;Firmicutes,No.10,SAMD00041597,PRJDB4003, Chromosome,2.78509,32.8666,chromosome:NZ_AP015012.1/AP015012.1; plasmid pno10:NZ_AP015013.1/AP015013.1,,2.0,2619.0,2017-06-01T00:00:00Z,ftp://ftp.ncbi.nlm.nih.gov/genomes/all/GCA/002/356/655/GCA_002356655.1_ASM235665v1,ftp://ftp.ncbi.nlm.nih.gov/genomes/all/GCF/002/356/655/GCF_002356655.1_ASM235665v1
193,GCA_002356675.1,23,15,38,Staphylococcus aureus,Bacteria;Terrabacteria group;Firmicutes,JH4899,SAMD00034144,PRJDB4003,Complete,2.8415,32.753,chromosome:NZ_AP014921.1/AP014921.1; plasmid pJSA01:NZ_AP014922.1/AP014922.1,,2.0,2677.0,2017-03-31T23:09:00Z,ftp://ftp.ncbi.nlm.nih.gov/genomes/all/GCA/002/356/675/GCA_002356675.1_ASM235667v1,ftp://ftp.ncbi.nlm.nih.gov/genomes/all/GCF/002/356/675/GCF_002356675.1_ASM235667v1
194,GCA_002386245.1,4,11,15,Staphylococcus aureus,Bacteria;Terrabacteria group;Firmicutes,FDAARGOS_412,SAMN07312456,PRJNA231221,Complete,2.76959,32.8,chromosome:NZ_CP023500.1/CP023500.1,,1.0,2619.0,2017-09-28T00:00:00Z,ftp://ftp.ncbi.nlm.nih.gov/genomes/all/GCA/002/386/245/GCA_002386245.1_ASM238624v1,ftp://ftp.ncbi.nlm.nih.gov/genomes/all/GCF/002/386/245/GCF_002386245.1_ASM238624v1
195,GCA_002407105.1,21,14,35,Staphylococcus aureus,Bacteria;Terrabacteria group;Firmicutes,NMR08,SAMN04621062,PRJNA316797, Chromosome,3.1247,33.0,chromosome:NZ_CP023560.1/CP023560.1,,1.0,3030.0,2017-10-02T00:00:00Z,ftp://ftp.ncbi.nlm.nih.gov/genomes/all/GCA/002/407/105/GCA_002407105.1_ASM240710v1,ftp://ftp.ncbi.nlm.nih.gov/genomes/all/GCF/002/407/105/GCF_002407105.1_ASM240710v1
196,GCA_002442975.1,11,12,23,Staphylococcus aureus,Bacteria;Terrabacteria group;Firmicutes,HZW450,SAMN06703161,PRJNA382289,Complete,2.83196,32.9,chromosome:NZ_CP020741.1/CP020741.1,,1.0,2632.0,2017-10-04T00:00:00Z,ftp://ftp.ncbi.nlm.nih.gov/genomes/all/GCA/002/442/975/GCA_002442975.1_ASM244297v1,ftp://ftp.ncbi.nlm.nih.gov/genomes/all/GCF/002/442/975/GCF_002442975.1_ASM244297v1
197,GCA_002633765.1,9,12,21,Staphylococcus aureus,Bacteria;Terrabacteria group;Firmicutes,CFSAN007835,SAMN03763930,PRJNA243331,Complete,2.67692,32.9,chromosome:NZ_CP017685.1/CP017685.1,,1.0,2463.0,2017-10-23T00:00:00Z,ftp://ftp.ncbi.nlm.nih.gov/genomes/all/GCA/002/633/765/GCA_002633765.1_ASM263376v1,ftp://ftp.ncbi.nlm.nih.gov/genomes/all/GCF/002/633/765/GCF_002633765.1_ASM263376v1
198,GCA_002633785.1,0,11,11,Staphylococcus aureus,Bacteria;Terrabacteria group;Firmicutes,CFSAN007847,SAMN03763942,PRJNA243331,Complete,2.85706,32.8,chromosome:NZ_CP017684.1/CP017684.1,,1.0,2661.0,2017-10-23T00:00:00Z,ftp://ftp.ncbi.nlm.nih.gov/genomes/all/GCA/002/633/785/GCA_002633785.1_ASM263378v1,ftp://ftp.ncbi.nlm.nih.gov/genomes/all/GCF/002/633/785/GCF_002633785.1_ASM263378v1
199,GCA_002633805.1,14,11,25,Staphylococcus aureus,Bacteria;Terrabacteria group;Firmicutes,CFSAN007850,SAMN03763945,PRJNA243331,Complete,2.82538,32.868,chromosome:NZ_CP017682.1/CP017682.1; plasmid pCFSAN007850:NZ_CP017683.1/CP017683.1,,2.0,2645.0,2017-10-23T00:00:00Z,ftp://ftp.ncbi.nlm.nih.gov/genomes/all/GCA/002/633/805/GCA_002633805.1_ASM263380v1,ftp://ftp.ncbi.nlm.nih.gov/genomes/all/GCF/002/633/805/GCF_002633805.1_ASM263380v1
200,GCA_002633825.1,0,10,10,Staphylococcus aureus,Bacteria;Terrabacteria group;Firmicutes,CFSAN007851,SAMN03763946,PRJNA243331,Complete,2.76947,32.7672,chromosome:NZ_CP017680.1/CP017680.1; plasmid pCFSAN007851:NZ_CP017681.1/CP017681.1,,2.0,2572.0,2017-10-23T00:00:00Z,ftp://ftp.ncbi.nlm.nih.gov/genomes/all/GCA/002/633/825/GCA_002633825.1_ASM263382v1,ftp://ftp.ncbi.nlm.nih.gov/genomes/all/GCF/002/633/825/GCF_002633825.1_ASM263382v1
201,GCA_002633845.1,0,11,11,Staphylococcus aureus,Bacteria;Terrabacteria group;Firmicutes,CFSAN007883,SAMN03763978,PRJNA243331,Complete,2.75896,32.9,chromosome:NZ_CP017679.1/CP017679.1,,1.0,2563.0,2017-10-23T00:00:00Z,ftp://ftp.ncbi.nlm.nih.gov/genomes/all/GCA/002/633/845/GCA_002633845.1_ASM263384v1,ftp://ftp.ncbi.nlm.nih.gov/genomes/all/GCF/002/633/845/GCF_002633845.1_ASM263384v1
202,GCA_002633865.1,7,12,19,Staphylococcus aureus,Bacteria;Terrabacteria group;Firmicutes,CFSAN007894,SAMN03763989,PRJNA243331,Complete,2.75766,32.8436,chromosome:NZ_CP017677.1/CP017677.1; plasmid pCFSAN007894:NZ_CP017678.1/CP017678.1,,2.0,2568.0,2017-10-23T00:00:00Z,ftp://ftp.ncbi.nlm.nih.gov/genomes/all/GCA/002/633/865/GCA_002633865.1_ASM263386v1,ftp://ftp.ncbi.nlm.nih.gov/genomes/all/GCF/002/633/865/GCF_002633865.1_ASM263386v1
203,GCA_002786465.1,11,12,23,Staphylococcus aureus,Bacteria;Terrabacteria group;Firmicutes,EDCC5458,SAMN07310520,PRJNA392813,Complete,2.84852,32.9,chromosome:NZ_CP022290.1/CP022290.1,,1.0,2726.0,2017-11-20T00:00:00Z,ftp://ftp.ncbi.nlm.nih.gov/genomes/all/GCA/002/786/465/GCA_002786465.1_ASM278646v1,ftp://ftp.ncbi.nlm.nih.gov/genomes/all/GCF/002/786/465/GCF_002786465.1_ASM278646v1
204,GCA_002786535.1,0,10,10,Staphylococcus aureus,Bacteria;Terrabacteria group;Firmicutes,EDCC5464,SAMN07310553,PRJNA392815,Complete,2.76286,32.8,chromosome:NZ_CP022291.1/CP022291.1,,1.0,2551.0,2017-11-20T00:00:00Z,ftp://ftp.ncbi.nlm.nih.gov/genomes/all/GCA/002/786/535/GCA_002786535.1_ASM278653v1,ftp://ftp.ncbi.nlm.nih.gov/genomes/all/GCF/002/786/535/GCF_002786535.1_ASM278653v1
205,GCA_002795285.1,1,11,12,Staphylococcus aureus,Bacteria;Terrabacteria group;Firmicutes,USA400-0051,SAMN05864218,PRJNA345484,Complete,2.83253,32.7679,chromosome:NZ_CP019574.1/CP019574.1; plasmid unnamed:NZ_CP019575.1/CP019575.1,,2.0,2568.0,2017-11-24T00:00:00Z,ftp://ftp.ncbi.nlm.nih.gov/genomes/all/GCA/002/795/285/GCA_002795285.1_ASM279528v1,ftp://ftp.ncbi.nlm.nih.gov/genomes/all/GCF/002/795/285/GCF_002795285.1_ASM279528v1
206,GCA_002803885.1,0,11,11,Staphylococcus aureus,Bacteria;Terrabacteria group;Firmicutes,55-99-44,SAMN08024196,PRJNA418239,Complete,2.78461,32.7672,chromosome:NZ_CP024998.1/CP024998.1; plasmid punamed1:NZ_CP024999.1/CP024999.1,,2.0,2573.0,2017-12-04T00:00:00Z,ftp://ftp.ncbi.nlm.nih.gov/genomes/all/GCA/002/803/885/GCA_002803885.1_ASM280388v1,ftp://ftp.ncbi.nlm.nih.gov/genomes/all/GCF/002/803/885/GCF_002803885.1_ASM280388v1
207,GCA_002850395.1,1,11,12,Staphylococcus aureus,Bacteria;Terrabacteria group;Firmicutes,K17,SAMN06702660,PRJNA376656,Complete,2.72945,32.7,chromosome:NZ_CP020713.1/CP020713.1,,1.0,2557.0,2018-01-03T00:00:00Z,ftp://ftp.ncbi.nlm.nih.gov/genomes/all/GCA/002/850/395/GCA_002850395.1_ASM285039v1,ftp://ftp.ncbi.nlm.nih.gov/genomes/all/GCF/002/850/395/GCF_002850395.1_ASM285039v1
208,GCA_002850415.1,10,12,22,Staphylococcus aureus,Bacteria;Terrabacteria group;Firmicutes,K18,SAMN06702662,PRJNA376656,Complete,2.7319,32.7,chromosome:NZ_CP020714.1/CP020714.1,,1.0,2555.0,2018-01-03T00:00:00Z,ftp://ftp.ncbi.nlm.nih.gov/genomes/all/GCA/002/850/415/GCA_002850415.1_ASM285041v1,ftp://ftp.ncbi.nlm.nih.gov/genomes/all/GCF/002/850/415/GCF_002850415.1_ASM285041v1
209,GCA_002895385.1,0,11,11,Staphylococcus aureus,Bacteria;Terrabacteria group;Firmicutes,MRSA107,SAMN06130958,PRJNA357000,Complete,3.0957,32.8,chromosome:NZ_CP018629.1/CP018629.1,,1.0,2975.0,2018-01-23T00:00:00Z,ftp://ftp.ncbi.nlm.nih.gov/genomes/all/GCA/002/895/385/GCA_002895385.1_ASM289538v1,ftp://ftp.ncbi.nlm.nih.gov/genomes/all/GCF/002/895/385/GCF_002895385.1_ASM289538v1
210,GCA_002952015.1,0,10,10,Staphylococcus aureus,Bacteria;Terrabacteria group;Firmicutes,K5,SAMN06689951,PRJNA376656,Complete,2.71864,32.7,chromosome:NZ_CP020656.1/CP020656.1,,1.0,2564.0,2018-02-01T00:00:00Z,ftp://ftp.ncbi.nlm.nih.gov/genomes/all/GCA/002/952/015/GCA_002952015.1_ASM295201v1,ftp://ftp.ncbi.nlm.nih.gov/genomes/all/GCF/002/952/015/GCF_002952015.1_ASM295201v1
211,GCA_002993865.1,5,12,17,Staphylococcus aureus subsp. aureus USA300,Bacteria;Terrabacteria group;Firmicutes,NRS384,SAMN07411405,PRJNA395593, Chromosome,2.88033,32.7912,chromosome:NZ_CP027476.1/CP027476.1; plasmid p1:NZ_CP027474.1/CP027474.1; plasmid p2:NZ_CP027475.1/CP027475.1,,3.0,2736.0,2018-03-12T00:00:00Z,ftp://ftp.ncbi.nlm.nih.gov/genomes/all/GCA/002/993/865/GCA_002993865.1_ASM299386v1,ftp://ftp.ncbi.nlm.nih.gov/genomes/all/GCF/002/993/865/GCF_002993865.1_ASM299386v1
212,GCA_003010875.1,26,15,41,Staphylococcus aureus,Bacteria;Terrabacteria group;Firmicutes,FORC59,SAMN06578843,PRJNA379058,Complete,2.74292,32.7704,chromosome:NZ_CP020354.1/CP020354.1; plasmid pFORC59:NZ_CP020355.1/CP020355.1,,2.0,2520.0,2018-03-19T00:00:00Z,ftp://ftp.ncbi.nlm.nih.gov/genomes/all/GCA/003/010/875/GCA_003010875.1_ASM301087v1,ftp://ftp.ncbi.nlm.nih.gov/genomes/all/GCF/003/010/875/GCF_003010875.1_ASM301087v1
213,GCA_003029645.1,25,13,38,Staphylococcus aureus,Bacteria;Terrabacteria group;Firmicutes,CFSAN064038,SAMN08663439,PRJNA243331,Complete,2.92816,32.9937,chromosome:NZ_CP028163.1/CP028163.1; plasmid pGMI17-006:NZ_CP028164.1/CP028164.1,,2.0,2750.0,2018-04-02T00:00:00Z,ftp://ftp.ncbi.nlm.nih.gov/genomes/all/GCA/003/029/645/GCA_003029645.1_ASM302964v1,ftp://ftp.ncbi.nlm.nih.gov/genomes/all/GCF/003/029/645/GCF_003029645.1_ASM302964v1
214,GCA_003029665.1,9,11,20,Staphylococcus aureus,Bacteria;Terrabacteria group;Firmicutes,SA112,SAMN06649572,PRJNA378176, Chromosome,2.98218,33.0,chromosome:NZ_CP020553.1/CP020553.1,,1.0,2696.0,2018-04-02T00:00:00Z,ftp://ftp.ncbi.nlm.nih.gov/genomes/all/GCA/003/029/665/GCA_003029665.1_ASM302966v1,ftp://ftp.ncbi.nlm.nih.gov/genomes/all/GCF/003/029/665/GCF_003029665.1_ASM302966v1
215,GCA_003030065.1,0,10,10,Staphylococcus aureus,Bacteria;Terrabacteria group;Firmicutes,CFSAN018749,SAMN08668672,PRJNA243331,Complete,2.91814,32.898,chromosome:NZ_CP028190.1/CP028190.1; plasmid pGMI14-005:NZ_CP028191.1/CP028191.1,,2.0,2710.0,2018-04-02T00:00:00Z,ftp://ftp.ncbi.nlm.nih.gov/genomes/all/GCA/003/030/065/GCA_003030065.1_ASM303006v1,ftp://ftp.ncbi.nlm.nih.gov/genomes/all/GCF/003/030/065/GCF_003030065.1_ASM303006v1
216,GCA_003030085.1,9,12,21,Staphylococcus aureus,Bacteria;Terrabacteria group;Firmicutes,CFSAN064037,SAMN08663436,PRJNA243331,Complete,2.79067,32.9,chromosome:NZ_CP028165.1/CP028165.1,,1.0,2575.0,2018-04-02T00:00:00Z,ftp://ftp.ncbi.nlm.nih.gov/genomes/all/GCA/003/030/085/GCA_003030085.1_ASM303008v1,ftp://ftp.ncbi.nlm.nih.gov/genomes/all/GCF/003/030/085/GCF_003030085.1_ASM303008v1
217,GCA_003030225.1,14,13,27,Staphylococcus aureus,Bacteria;Terrabacteria group;Firmicutes,CFSAN018750,SAMN08663447,PRJNA243331,Complete,2.71942,32.9,chromosome:NZ_CP028189.1/CP028189.1,,1.0,2517.0,2018-04-02T00:00:00Z,ftp://ftp.ncbi.nlm.nih.gov/genomes/all/GCA/003/030/225/GCA_003030225.1_ASM303022v1,ftp://ftp.ncbi.nlm.nih.gov/genomes/all/GCF/003/030/225/GCF_003030225.1_ASM303022v1
218,GCA_003031425.1,11,12,23,Staphylococcus aureus,Bacteria;Terrabacteria group;Firmicutes,CFSAN007896,SAMN03763991,PRJNA243331,Complete,2.85568,32.8,chromosome:NZ_CP020467.1/CP020467.1,,1.0,2642.0,2018-04-03T00:00:00Z,ftp://ftp.ncbi.nlm.nih.gov/genomes/all/GCA/003/031/425/GCA_003031425.1_ASM303142v1,ftp://ftp.ncbi.nlm.nih.gov/genomes/all/GCF/003/031/425/GCF_003031425.1_ASM303142v1
219,GCA_003031465.1,11,14,25,Staphylococcus aureus,Bacteria;Terrabacteria group;Firmicutes,CR14-035,SAMN06644991,PRJNA378176, Chromosome,2.98907,33.0,chromosome:NZ_CP020544.1/CP020544.1,,1.0,2707.0,2018-04-03T00:00:00Z,ftp://ftp.ncbi.nlm.nih.gov/genomes/all/GCA/003/031/465/GCA_003031465.1_ASM303146v1,ftp://ftp.ncbi.nlm.nih.gov/genomes/all/GCF/003/031/465/GCF_003031465.1_ASM303146v1
220,GCA_003031485.1,11,13,24,Staphylococcus aureus,Bacteria;Terrabacteria group;Firmicutes,CC5,SAMN06480776,PRJNA378176,Complete,2.74571,32.9,chromosome:NZ_CP021105.1/CP021105.1,,1.0,2546.0,2018-04-03T00:00:00Z,ftp://ftp.ncbi.nlm.nih.gov/genomes/all/GCA/003/031/485/GCA_003031485.1_ASM303148v1,ftp://ftp.ncbi.nlm.nih.gov/genomes/all/GCF/003/031/485/GCF_003031485.1_ASM303148v1
221,GCA_003073395.1,9,11,20,Staphylococcus aureus,Bacteria;Terrabacteria group;Firmicutes,CIT,SAMN08963293,PRJNA451172,Complete,2.87277,32.8,chromosome:NZ_CP029031.1/CP029031.1,,1.0,2734.0,2018-04-30T00:00:00Z,ftp://ftp.ncbi.nlm.nih.gov/genomes/all/GCA/003/073/395/GCA_003073395.1_ASM307339v1,ftp://ftp.ncbi.nlm.nih.gov/genomes/all/GCF/003/073/395/GCF_003073395.1_ASM307339v1
222,GCA_003073415.1,1,11,12,Staphylococcus aureus,Bacteria;Terrabacteria group;Firmicutes,CAR,SAMN08963276,PRJNA451172,Complete,2.82974,32.7,chromosome:NZ_CP029030.1/CP029030.1,,1.0,2668.0,2018-04-30T00:00:00Z,ftp://ftp.ncbi.nlm.nih.gov/genomes/all/GCA/003/073/415/GCA_003073415.1_ASM307341v1,ftp://ftp.ncbi.nlm.nih.gov/genomes/all/GCF/003/073/415/GCF_003073415.1_ASM307341v1
223,GCA_003073435.1,24,16,40,Staphylococcus aureus,Bacteria;Terrabacteria group;Firmicutes,OXLIM,SAMN08963307,PRJNA451172,Complete,2.87277,32.8,chromosome:NZ_CP029032.1/CP029032.1,,1.0,2734.0,2018-04-30T00:00:00Z,ftp://ftp.ncbi.nlm.nih.gov/genomes/all/GCA/003/073/435/GCA_003073435.1_ASM307343v1,ftp://ftp.ncbi.nlm.nih.gov/genomes/all/GCF/003/073/435/GCF_003073435.1_ASM307343v1
224,GCA_003073635.1,5,12,17,Staphylococcus aureus,Bacteria;Terrabacteria group;Firmicutes,AR466,SAMN07291559,PRJNA316321,Complete,2.8108,32.8623,chromosome:NZ_CP029080.1/CP029080.1; plasmid unnamed1:NZ_CP029079.1/CP029079.1,,2.0,2628.0,2018-04-30T00:00:00Z,ftp://ftp.ncbi.nlm.nih.gov/genomes/all/GCA/003/073/635/GCA_003073635.1_ASM307363v1,ftp://ftp.ncbi.nlm.nih.gov/genomes/all/GCF/003/073/635/GCF_003073635.1_ASM307363v1
225,GCA_003073655.1,0,10,10,Staphylococcus aureus,Bacteria;Terrabacteria group;Firmicutes,AR465,SAMN07291558,PRJNA316321,Complete,2.93853,32.8471,chromosome:NZ_CP029082.1/CP029082.1; plasmid unnamed1:NZ_CP029081.1/CP029081.1,,2.0,2804.0,2018-04-30T00:00:00Z,ftp://ftp.ncbi.nlm.nih.gov/genomes/all/GCA/003/073/655/GCA_003073655.1_ASM307365v1,ftp://ftp.ncbi.nlm.nih.gov/genomes/all/GCF/003/073/655/GCF_003073655.1_ASM307365v1
226,GCA_003073715.1,0,10,10,Staphylococcus aureus,Bacteria;Terrabacteria group;Firmicutes,AR461,SAMN07291554,PRJNA316321,Complete,2.90959,32.9,chromosome:NZ_CP029087.1/CP029087.1,,1.0,2757.0,2018-04-30T00:00:00Z,ftp://ftp.ncbi.nlm.nih.gov/genomes/all/GCA/003/073/715/GCA_003073715.1_ASM307371v1,ftp://ftp.ncbi.nlm.nih.gov/genomes/all/GCF/003/073/715/GCF_003073715.1_ASM307371v1
227,GCA_003073755.1,6,11,17,Staphylococcus aureus,Bacteria;Terrabacteria group;Firmicutes,AR464,SAMN07291557,PRJNA316321,Complete,2.81405,32.8669,chromosome:NZ_CP029084.1/CP029084.1; plasmid unnamed1:NZ_CP029083.1/CP029083.1,,2.0,2630.0,2018-04-30T00:00:00Z,ftp://ftp.ncbi.nlm.nih.gov/genomes/all/GCA/003/073/755/GCA_003073755.1_ASM307375v1,ftp://ftp.ncbi.nlm.nih.gov/genomes/all/GCF/003/073/755/GCF_003073755.1_ASM307375v1
228,GCA_003073775.1,14,13,27,Staphylococcus aureus,Bacteria;Terrabacteria group;Firmicutes,AR462,SAMN07291555,PRJNA316321,Complete,2.7772,32.844,chromosome:NZ_CP029086.1/CP029086.1; plasmid unnamed1:NZ_CP029085.1/CP029085.1,,2.0,2568.0,2018-04-30T00:00:00Z,ftp://ftp.ncbi.nlm.nih.gov/genomes/all/GCA/003/073/775/GCA_003073775.1_ASM307377v1,ftp://ftp.ncbi.nlm.nih.gov/genomes/all/GCF/003/073/775/GCF_003073775.1_ASM307377v1
229,GCA_900004855.1,11,14,25,Staphylococcus aureus,Bacteria;Terrabacteria group;Firmicutes,BB155,SAMEA3432862,PRJEB9500,Complete,2.77808,32.8,chromosome 1:NZ_LN854556.1/LN854556.1,,1.0,2598.0,2016-02-17T00:00:00Z,ftp://ftp.ncbi.nlm.nih.gov/genomes/all/GCA/900/004/855/GCA_900004855.1_BB155,ftp://ftp.ncbi.nlm.nih.gov/genomes/all/GCF/900/004/855/GCF_900004855.1_BB155
230,GCA_900017775.1,11,12,23,Staphylococcus aureus,Bacteria;Terrabacteria group;Firmicutes,NZAK3,SAMEA3733527,PRJEB12333,Complete,2.85737,32.7703,chromosome 1:NZ_LT009690.1/LT009690.1; plasmid 2:NZ_LT009691.1/LT009691.1,,2.0,2698.0,2016-01-31T00:00:00Z,ftp://ftp.ncbi.nlm.nih.gov/genomes/all/GCA/900/017/775/GCA_900017775.1_NZAK3,ftp://ftp.ncbi.nlm.nih.gov/genomes/all/GCF/900/017/775/GCF_900017775.1_NZAK3
231,GCA_900092595.1,6,14,20,Staphylococcus aureus,Bacteria;Terrabacteria group;Firmicutes,Sa_Newman_UoM,SAMEA4072170,PRJEB14381,Complete,2.8789,32.9,chromosome 1:NZ_LT598688.1/LT598688.1,,1.0,2798.0,2016-07-14T00:00:00Z,ftp://ftp.ncbi.nlm.nih.gov/genomes/all/GCA/900/092/595/GCA_900092595.1_Sa_Newman_UoM,ftp://ftp.ncbi.nlm.nih.gov/genomes/all/GCF/900/092/595/GCF_900092595.1_Sa_Newman_UoM
232,GCA_900096745.1,22,13,35,Staphylococcus aureus,Bacteria;Terrabacteria group;Firmicutes,AUS0325,SAMEA4443152,PRJEB15428,Complete,2.77158,32.9,chromosome 1:NZ_LT615218.1/LT615218.1,,1.0,2597.0,2016-09-29T00:00:00Z,ftp://ftp.ncbi.nlm.nih.gov/genomes/all/GCA/900/096/745/GCA_900096745.1_AUS0325,ftp://ftp.ncbi.nlm.nih.gov/genomes/all/GCF/900/096/745/GCF_900096745.1_AUS0325
233,GCA_900129335.1,1,11,12,Staphylococcus aureus,Bacteria;Terrabacteria group;Firmicutes,Clinical isolate,SAMEA17757418,PRJEB18112,Complete,2.82187,32.7456,chromosome I:NZ_LT671859.1/LT671859.1; plasmid II:NZ_LT671860.1/LT671860.1,,2.0,2658.0,2016-12-13T23:04:00Z,ftp://ftp.ncbi.nlm.nih.gov/genomes/all/GCA/900/129/335/GCA_900129335.1_PP_HGAG_QV30_2SC_T4,ftp://ftp.ncbi.nlm.nih.gov/genomes/all/GCF/900/129/335/GCF_900129335.1_PP_HGAG_QV30_2SC_T4
